Time,Open,High,Low,Latest,Change,%Change,Volume
10/08/2020,1.75,1.93,1.65,1.7,0.11,6.92%,12326609
11/08/2020,1.73,1.73,1.59,1.64,-0.06,-3.53%,4955338
12/08/2020,1.62,1.62,1.5,1.56,-0.08,-4.88%,3745215
13/08/2020,1.62,1.635,1.555,1.565,0.005,0.32%,1733689
14/08/2020,1.59,1.69,1.59,1.675,0.11,7.03%,2564824
17/08/2020,1.71,1.745,1.655,1.68,0.005,0.30%,1691372
18/08/2020,1.71,1.735,1.67,1.68,0,0.00%,1958889
19/08/2020,1.715,1.715,1.65,1.67,-0.01,-0.60%,1577966
20/08/2020,1.675,1.69,1.655,1.655,-0.015,-0.90%,994386
21/08/2020,1.68,1.695,1.63,1.64,-0.015,-0.91%,1149699
24/08/2020,1.65,1.65,1.585,1.625,-0.015,-0.91%,822435
25/08/2020,1.615,1.615,1.57,1.585,-0.04,-2.46%,676269
26/08/2020,1.575,1.575,1.475,1.52,-0.065,-4.10%,1297113
27/08/2020,1.53,1.53,1.39,1.405,-0.115,-7.57%,2143205
28/08/2020,1.39,1.48,1.32,1.47,0.065,4.63%,3227598
31/08/2020,1.49,1.5,1.475,1.485,0.015,1.02%,449573
1/09/2020,1.485,1.5,1.43,1.44,-0.045,-3.03%,514724
2/09/2020,1.45,1.545,1.45,1.53,0.09,6.25%,493632
3/09/2020,1.55,1.56,1.48,1.52,-0.01,-0.65%,301408
4/09/2020,1.46,1.485,1.425,1.46,-0.06,-3.95%,459016
7/09/2020,1.5,1.53,1.48,1.48,0.02,1.37%,224332
8/09/2020,1.485,1.51,1.445,1.445,-0.035,-2.36%,463543
9/09/2020,1.45,1.45,1.395,1.43,-0.015,-1.04%,481775
10/09/2020,1.465,1.47,1.42,1.45,0.02,1.40%,168876
11/09/2020,1.47,1.49,1.43,1.46,0.01,0.69%,267932
14/09/2020,1.46,1.555,1.445,1.555,0.095,6.51%,625289
15/09/2020,1.59,1.6,1.53,1.54,-0.015,-0.96%,298666
16/09/2020,1.58,1.595,1.555,1.58,0.04,2.60%,165808
17/09/2020,1.595,1.65,1.58,1.59,0.01,0.63%,688454
18/09/2020,1.625,1.625,1.55,1.59,0,0.00%,153096
21/09/2020,1.6,1.6,1.565,1.57,-0.02,-1.26%,255856
22/09/2020,1.595,1.595,1.53,1.56,-0.01,-0.64%,334712
23/09/2020,1.57,1.61,1.57,1.59,0.03,1.92%,257827
24/09/2020,1.595,1.595,1.55,1.55,-0.04,-2.52%,244801
25/09/2020,1.56,1.58,1.535,1.535,-0.015,-0.97%,193667
28/09/2020,1.53,1.555,1.51,1.515,-0.02,-1.30%,240041
29/09/2020,1.51,1.53,1.51,1.525,0.01,0.66%,100172
30/09/2020,1.67,1.76,1.65,1.7,0.175,11.48%,2046812
1/10/2020,1.73,1.75,1.66,1.69,-0.01,-0.59%,804974
2/10/2020,1.705,1.705,1.52,1.54,-0.15,-8.88%,868308
5/10/2020,1.61,1.69,1.57,1.66,0.12,7.79%,429184
6/10/2020,1.67,1.68,1.65,1.665,0.005,0.30%,382316
7/10/2020,1.69,1.69,1.63,1.665,0,0.00%,178658
8/10/2020,1.67,1.96,1.665,1.9,0.235,14.11%,1685384
9/10/2020,1.95,2.44,1.945,2.38,0.48,25.26%,3611419
12/10/2020,2.43,2.98,2.42,2.55,0.17,7.14%,3669695
13/10/2020,2.66,2.7,2.23,2.33,-0.22,-8.63%,2317330
14/10/2020,2.35,2.61,2.27,2.61,0.28,12.02%,1170857
15/10/2020,2.6,2.85,2.54,2.72,0.11,4.21%,1842212
16/10/2020,2.73,2.76,2.54,2.6,-0.12,-4.41%,1021019
19/10/2020,2.63,2.63,2.4,2.47,-0.13,-5.00%,863786
20/10/2020,2.47,2.48,2.33,2.4,-0.07,-2.83%,595428
21/10/2020,2.47,2.47,2.32,2.34,-0.06,-2.50%,465357
22/10/2020,2.31,2.33,2.11,2.12,-0.22,-9.40%,1396589
23/10/2020,2.14,2.255,2.08,2.1,-0.02,-0.94%,1392285
26/10/2020,2.14,2.28,2.08,2.15,0.05,2.38%,778102
27/10/2020,2.13,2.2,2.11,2.16,0.01,0.47%,343735
28/10/2020,2.17,2.45,2.17,2.36,0.2,9.26%,628587
29/10/2020,2.2,2.37,2.15,2.35,-0.01,-0.42%,746037
30/10/2020,2.4,2.49,2.3,2.31,-0.04,-1.70%,392654
2/11/2020,2.34,2.34,2.18,2.2,-0.11,-4.76%,536382
3/11/2020,2.23,2.28,2.17,2.17,-0.03,-1.36%,398687
4/11/2020,2.21,2.33,2.21,2.28,0.11,5.07%,326655
5/11/2020,2.32,2.33,2.25,2.29,0.01,0.44%,393599
6/11/2020,2.35,2.39,2.26,2.3,0.01,0.44%,407825
9/11/2020,2.3,2.34,2.26,2.27,-0.03,-1.30%,222820
10/11/2020,2.32,2.44,2.05,2.15,-0.12,-5.29%,1076526
11/11/2020,2.14,2.16,2.07,2.1,-0.05,-2.33%,586133
12/11/2020,2.1,2.2,2.08,2.08,-0.02,-0.95%,303678
13/11/2020,2.09,2.14,2.05,2.09,0.01,0.48%,380137
16/11/2020,2.12,2.15,2.12,2.12,0.03,1.44%,19448
17/11/2020,2.21,2.21,2.09,2.12,0,0.00%,331190
18/11/2020,2.13,2.2,2.12,2.16,0.04,1.89%,201046
19/11/2020,2.16,2.25,2.14,2.15,-0.01,-0.46%,264080
20/11/2020,2.17,2.3,2.17,2.19,0.04,1.86%,267699
23/11/2020,2.23,2.31,2.21,2.29,0.1,4.57%,322992
24/11/2020,2.32,2.43,2.32,2.37,0.08,3.49%,938713
25/11/2020,2.38,2.41,2.22,2.23,-0.14,-5.91%,498913
26/11/2020,2.3,2.45,2.26,2.28,0.05,2.24%,443017
27/11/2020,2.3,2.37,2.29,2.35,0.07,3.07%,226566
30/11/2020,2.35,2.4,2.27,2.3,-0.05,-2.13%,280152
1/12/2020,2.31,2.38,2.3,2.35,0.05,2.17%,236754
2/12/2020,2.35,2.7,2.33,2.7,0.35,14.89%,1486149
3/12/2020,2.65,2.67,2.5,2.5,-0.2,-7.41%,757217
4/12/2020,2.5,2.57,2.4,2.4,-0.1,-4.00%,780401
7/12/2020,2.45,2.53,2.39,2.39,-0.01,-0.42%,559553
8/12/2020,2.39,2.4,2.31,2.33,-0.06,-2.51%,493186
9/12/2020,2.33,2.35,2.2,2.28,-0.05,-2.15%,777475
10/12/2020,2.28,2.29,2.18,2.19,-0.09,-3.95%,539389
11/12/2020,2.17,2.18,2.11,2.15,-0.04,-1.83%,642322
14/12/2020,2.2,2.26,2.16,2.18,0.03,1.40%,425399
15/12/2020,2.23,2.25,2.13,2.16,-0.02,-0.92%,236275
16/12/2020,2.19,2.2,2.14,2.19,0.03,1.39%,220739
17/12/2020,2.2,2.21,2.11,2.11,-0.08,-3.65%,414820
18/12/2020,2.19,2.29,2.16,2.29,0.18,8.53%,1008357
21/12/2020,2.3,2.34,2.23,2.26,-0.03,-1.31%,204755
22/12/2020,2.25,2.25,2.16,2.18,-0.08,-3.54%,460117
23/12/2020,2.21,2.34,2.2,2.34,0.16,7.34%,347681
24/12/2020,2.34,2.45,2.28,2.44,0.1,4.27%,286303
29/12/2020,2.44,2.51,2.4,2.5,0.06,2.46%,222942
30/12/2020,2.5,2.53,2.37,2.42,-0.08,-3.20%,310846
31/12/2020,2.45,2.45,2.4,2.43,0.01,0.41%,67554
4/01/2021,2.45,2.47,2.37,2.44,0.01,0.41%,118309
5/01/2021,2.41,2.47,2.36,2.38,-0.06,-2.46%,201392
6/01/2021,2.44,2.45,2.38,2.38,0,0.00%,122392
7/01/2021,2.38,2.41,2.36,2.37,-0.01,-0.42%,78707
8/01/2021,2.38,2.42,2.32,2.33,-0.04,-1.69%,157371
11/01/2021,2.33,2.37,2.26,2.3,-0.03,-1.29%,178784
12/01/2021,2.3,2.35,2.28,2.29,-0.01,-0.43%,96891
13/01/2021,2.325,2.33,2.28,2.31,0.02,0.87%,149558
14/01/2021,2.31,2.32,2.27,2.28,-0.03,-1.30%,102906
15/01/2021,2.3,2.3,2.23,2.25,-0.03,-1.32%,225023
18/01/2021,2.25,2.25,2.19,2.2,-0.05,-2.22%,258115
19/01/2021,2.22,2.26,2.2,2.26,0.06,2.73%,91553
20/01/2021,2.27,2.36,2.26,2.36,0.1,4.42%,188005
21/01/2021,2.36,2.36,2.24,2.24,-0.12,-5.08%,337430
22/01/2021,2.25,2.27,2.21,2.24,0,0.00%,133479
25/01/2021,2.24,2.3,2.22,2.26,0.02,0.89%,319213
27/01/2021,2.35,2.42,2.18,2.25,-0.01,-0.44%,873004
28/01/2021,2.22,2.31,2.165,2.31,0.06,2.67%,476559
29/01/2021,2.31,2.34,2.17,2.2,-0.11,-4.76%,501061
1/02/2021,2.16,2.21,2.11,2.2,0,0.00%,336282
2/02/2021,2.18,2.19,2.08,2.11,-0.09,-4.09%,509126
3/02/2021,2.11,2.12,2.03,2.07,-0.04,-1.90%,585228
4/02/2021,2.08,2.16,2.08,2.14,0.07,3.38%,412090
5/02/2021,2.13,2.14,2.09,2.12,-0.02,-0.93%,153130
8/02/2021,2.13,2.15,2.06,2.11,-0.01,-0.47%,423032
9/02/2021,2.07,2.11,2.07,2.11,0,0.00%,159351
10/02/2021,2.11,2.11,2.04,2.05,-0.06,-2.84%,326663
11/02/2021,2.05,2.16,2.05,2.09,0.04,1.95%,436923
12/02/2021,2.1,2.11,2.05,2.06,-0.03,-1.44%,291222
15/02/2021,2.05,2.065,2.02,2.02,-0.04,-1.94%,304542
16/02/2021,2.01,2.02,1.85,1.95,-0.07,-3.47%,1026248
17/02/2021,1.95,1.96,1.87,1.95,0,0.00%,486515
18/02/2021,1.96,1.97,1.85,1.89,-0.06,-3.08%,401186
19/02/2021,1.9,1.92,1.85,1.86,-0.03,-1.59%,219579
22/02/2021,1.895,1.895,1.76,1.765,-0.095,-5.11%,473239
23/02/2021,1.76,1.76,1.6,1.725,-0.04,-2.27%,1168705
24/02/2021,1.695,1.72,1.64,1.7,-0.025,-1.45%,412248
25/02/2021,1.665,1.82,1.65,1.73,0.03,1.76%,453100
4/03/2021,1.81,1.845,1.645,1.65,-0.08,-4.62%,1370212
5/03/2021,1.685,1.685,1.55,1.6,-0.05,-3.03%,967341
8/03/2021,1.615,1.7,1.615,1.67,0.07,4.38%,483454
9/03/2021,1.665,1.735,1.59,1.715,0.045,2.69%,857450
10/03/2021,1.62,1.73,1.57,1.67,-0.045,-2.62%,1069022
11/03/2021,1.61,1.622,1.51,1.52,-0.15,-8.98%,1829104
12/03/2021,1.53,1.555,1.492,1.5,-0.02,-1.32%,921640
15/03/2021,1.535,1.58,1.505,1.56,0.06,4.00%,816986
16/03/2021,1.565,1.62,1.535,1.54,-0.02,-1.28%,516165
17/03/2021,1.54,1.56,1.51,1.54,0,0.00%,378090
18/03/2021,1.55,1.56,1.52,1.54,0,0.00%,444102
19/03/2021,1.54,1.54,1.51,1.54,0,0.00%,650475
22/03/2021,1.55,1.6,1.55,1.57,0.03,1.95%,558165
23/03/2021,1.59,1.605,1.575,1.6,0.03,1.91%,388638
24/03/2021,1.6,1.605,1.555,1.58,-0.02,-1.25%,537061
25/03/2021,1.59,1.7,1.575,1.69,0.11,6.96%,955116
26/03/2021,1.71,2.07,1.71,1.9,0.21,12.43%,2037199
29/03/2021,1.945,1.99,1.77,1.785,-0.115,-6.05%,750807
30/03/2021,1.78,1.785,1.64,1.64,-0.145,-8.12%,545664
31/03/2021,1.62,1.75,1.62,1.72,0.08,4.88%,560450
1/04/2021,1.73,1.84,1.72,1.77,0.05,2.91%,603802
6/04/2021,1.79,1.79,1.66,1.69,-0.08,-4.52%,365020
7/04/2021,1.655,1.69,1.63,1.665,-0.025,-1.48%,356825
8/04/2021,1.66,1.7,1.63,1.7,0.035,2.10%,545329
9/04/2021,1.695,1.76,1.66,1.68,-0.02,-1.18%,318660
12/04/2021,1.7,1.76,1.7,1.75,0.07,4.17%,260364
13/04/2021,1.73,1.75,1.695,1.725,-0.025,-1.43%,275098
14/04/2021,1.72,1.725,1.655,1.66,-0.065,-3.77%,372209
15/04/2021,1.66,1.735,1.635,1.65,-0.01,-0.60%,329345
16/04/2021,1.66,1.685,1.62,1.625,-0.025,-1.52%,281093
19/04/2021,1.635,1.665,1.6,1.605,-0.02,-1.23%,379472
20/04/2021,1.605,1.625,1.58,1.61,0.005,0.31%,361445
21/04/2021,1.61,1.66,1.595,1.63,0.02,1.24%,400142
22/04/2021,1.65,1.655,1.6,1.63,0,0.00%,301228
23/04/2021,1.62,1.628,1.585,1.62,-0.01,-0.61%,273031
26/04/2021,1.62,1.64,1.58,1.59,-0.03,-1.85%,339464
27/04/2021,1.6,1.63,1.565,1.585,-0.005,-0.31%,248900
28/04/2021,1.6,1.615,1.565,1.59,0.005,0.32%,300702
29/04/2021,1.6,1.66,1.59,1.615,0.025,1.57%,299453
30/04/2021,1.63,1.63,1.58,1.58,-0.035,-2.17%,223483
3/05/2021,1.6,1.62,1.57,1.57,-0.01,-0.63%,187503
4/05/2021,1.61,1.61,1.555,1.57,0,0.00%,252800
5/05/2021,1.57,1.58,1.48,1.49,-0.08,-5.10%,601489
6/05/2021,1.49,1.49,1.355,1.4,-0.09,-6.04%,508530
7/05/2021,1.425,1.5,1.4,1.425,0.025,1.79%,375095
10/05/2021,1.42,1.465,1.31,1.31,-0.115,-8.07%,514743
11/05/2021,1.32,1.4,1.225,1.4,0.09,6.87%,647645
12/05/2021,1.39,1.4,1.32,1.33,-0.07,-5.00%,363949
13/05/2021,1.305,1.32,1.265,1.295,-0.035,-2.63%,324483
14/05/2021,1.31,1.45,1.3,1.35,0.055,4.25%,587058
17/05/2021,1.37,1.43,1.32,1.35,0,0.00%,295759
18/05/2021,1.35,1.36,1.28,1.32,-0.03,-2.22%,242117
19/05/2021,1.3,1.345,1.285,1.295,-0.025,-1.89%,133821
20/05/2021,1.31,1.345,1.29,1.32,0.025,1.93%,291268
21/05/2021,1.31,1.31,1.26,1.28,-0.04,-3.03%,353173
24/05/2021,1.265,1.285,1.207,1.21,-0.07,-5.47%,442371
25/05/2021,1.215,1.225,1.12,1.21,0,0.00%,1608371
26/05/2021,1.205,1.215,1.15,1.16,-0.05,-4.13%,840193
27/05/2021,1.17,1.175,1.125,1.16,0,0.00%,877922
28/05/2021,1.15,1.22,1.135,1.185,0.025,2.16%,623569
31/05/2021,1.2,1.32,1.17,1.28,0.095,8.02%,1017414
1/06/2021,1.31,1.31,1.2,1.28,0,0.00%,432380
2/06/2021,1.28,1.3,1.23,1.28,0,0.00%,584256
3/06/2021,1.28,1.295,1.245,1.265,-0.015,-1.17%,311844
4/06/2021,1.28,1.33,1.275,1.3,0.035,2.77%,270083
7/06/2021,1.31,1.31,1.258,1.27,-0.03,-2.31%,342833
8/06/2021,1.305,1.34,1.245,1.245,-0.025,-1.97%,285481
9/06/2021,1.29,1.315,1.27,1.3,0.055,4.42%,396120
10/06/2021,1.325,1.41,1.303,1.37,0.07,5.38%,576512
11/06/2021,1.375,1.4,1.345,1.4,0.03,2.19%,218762
15/06/2021,1.41,1.442,1.305,1.32,-0.08,-5.71%,640008
16/06/2021,1.32,1.32,1.24,1.27,-0.05,-3.79%,440352
17/06/2021,1.305,1.37,1.28,1.295,0.025,1.97%,501202
18/06/2021,1.315,1.38,1.295,1.375,0.08,6.18%,549583
21/06/2021,1.35,1.362,1.295,1.32,-0.055,-4.00%,468603
22/06/2021,1.31,1.34,1.29,1.32,0,0.00%,433658
23/06/2021,1.33,1.33,1.25,1.25,-0.07,-5.30%,452782
24/06/2021,1.25,1.3,1.24,1.265,0.015,1.20%,354619
25/06/2021,1.26,1.26,1.215,1.25,-0.015,-1.19%,566476
28/06/2021,1.25,1.25,1.17,1.17,-0.08,-6.40%,578578
29/06/2021,1.2,1.28,1.18,1.265,0.095,8.12%,1008063
30/06/2021,1.295,1.295,1.205,1.225,-0.04,-3.16%,515024
1/07/2021,1.225,1.245,1.18,1.21,-0.015,-1.22%,477543
2/07/2021,1.21,1.265,1.205,1.265,0.055,4.55%,151416
5/07/2021,1.265,1.31,1.265,1.27,0.005,0.40%,472648
6/07/2021,1.295,1.295,1.275,1.28,0.01,0.79%,53802
7/07/2021,1.28,1.335,1.255,1.255,-0.025,-1.95%,243367
8/07/2021,1.25,1.28,1.245,1.27,0.015,1.20%,104652
9/07/2021,1.26,1.32,1.26,1.31,0.04,3.15%,253951
12/07/2021,1.31,1.435,1.31,1.385,0.075,5.73%,626800
13/07/2021,1.41,1.49,1.405,1.49,0.105,7.58%,542251
14/07/2021,1.5,1.645,1.5,1.6,0.11,7.38%,1594370
15/07/2021,1.59,1.595,1.505,1.505,-0.095,-5.94%,337114
16/07/2021,1.515,1.535,1.505,1.52,0.015,1.00%,200313
19/07/2021,1.5,1.55,1.5,1.5,-0.02,-1.32%,549822
20/07/2021,1.5,1.503,1.44,1.45,-0.05,-3.33%,307947
21/07/2021,1.47,1.495,1.39,1.415,-0.035,-2.41%,354849
22/07/2021,1.45,1.45,1.385,1.4,-0.015,-1.06%,305008
23/07/2021,1.4,1.41,1.355,1.365,-0.035,-2.50%,163643
26/07/2021,1.46,1.49,1.42,1.465,0.1,7.33%,820779
27/07/2021,1.485,1.49,1.445,1.445,-0.02,-1.37%,349629
28/07/2021,1.475,1.545,1.45,1.53,0.085,5.88%,353367
29/07/2021,1.52,1.54,1.48,1.49,-0.04,-2.61%,165797
30/07/2021,1.5,1.585,1.485,1.54,0.05,3.36%,309231
2/08/2021,1.55,1.565,1.505,1.53,-0.01,-0.65%,98275
3/08/2021,1.55,1.55,1.5,1.5,-0.03,-1.96%,265748
4/08/2021,1.5,1.5,1.45,1.45,-0.05,-3.33%,209921
5/08/2021,1.455,1.52,1.455,1.46,0.01,0.69%,381047
6/08/2021,1.46,1.49,1.43,1.49,0.03,2.05%,258328
9/08/2021,1.565,1.73,1.545,1.69,0.2,13.42%,1308272
10/08/2021,1.69,1.69,1.565,1.62,-0.07,-4.14%,940122
11/08/2021,1.615,1.615,1.55,1.615,-0.005,-0.31%,358804
12/08/2021,1.615,1.615,1.555,1.6,-0.015,-0.93%,214070
13/08/2021,1.595,1.6,1.575,1.585,-0.015,-0.94%,128943
16/08/2021,1.6,1.6,1.505,1.51,-0.075,-4.73%,349699
17/08/2021,1.52,1.55,1.515,1.54,0.03,1.99%,262385
18/08/2021,1.54,1.55,1.505,1.52,-0.02,-1.30%,168304
19/08/2021,1.53,1.53,1.42,1.48,-0.04,-2.63%,400202
20/08/2021,1.445,1.445,1.41,1.425,-0.055,-3.72%,201881
23/08/2021,1.43,1.45,1.405,1.42,-0.005,-0.35%,228826
24/08/2021,1.435,1.515,1.435,1.5,0.08,5.63%,277717
25/08/2021,1.5,1.54,1.48,1.525,0.025,1.67%,260020
26/08/2021,1.52,1.525,1.48,1.485,-0.04,-2.62%,313695
27/08/2021,1.485,1.59,1.485,1.54,0.055,3.70%,434092
30/08/2021,1.51,1.595,1.505,1.54,0,0.00%,196786
31/08/2021,1.58,1.595,1.54,1.595,0.055,3.57%,196340
1/09/2021,1.595,1.655,1.53,1.53,-0.065,-4.08%,550871
2/09/2021,1.55,1.585,1.49,1.52,-0.01,-0.65%,303229
3/09/2021,1.53,1.545,1.465,1.49,-0.03,-1.97%,339831
6/09/2021,1.5,1.525,1.46,1.5,0.01,0.67%,165661
7/09/2021,1.495,1.525,1.485,1.525,0.025,1.67%,309760
8/09/2021,1.53,1.55,1.495,1.53,0.005,0.33%,310212
9/09/2021,1.53,1.545,1.465,1.53,0,0.00%,902044
10/09/2021,1.53,1.53,1.5,1.515,-0.015,-0.98%,136014
13/09/2021,1.54,1.57,1.5,1.55,0.035,2.31%,405120
14/09/2021,1.58,1.58,1.505,1.545,-0.005,-0.32%,158232
15/09/2021,1.545,1.57,1.51,1.57,0.025,1.62%,505275
16/09/2021,1.55,1.57,1.53,1.53,-0.04,-2.55%,240629
17/09/2021,1.54,1.575,1.505,1.52,-0.01,-0.65%,664414
20/09/2021,1.56,1.56,1.46,1.495,-0.025,-1.64%,295281
21/09/2021,1.44,1.47,1.4,1.42,-0.075,-5.02%,375488
22/09/2021,1.42,1.455,1.38,1.44,0.02,1.41%,255454
23/09/2021,1.435,1.48,1.42,1.475,0.035,2.43%,109952
24/09/2021,1.47,1.5,1.465,1.48,0.005,0.34%,89309
27/09/2021,1.48,1.485,1.455,1.47,-0.01,-0.68%,102983
28/09/2021,1.48,1.48,1.405,1.405,-0.065,-4.42%,146800
29/09/2021,1.405,1.44,1.39,1.44,0.035,2.49%,217164
30/09/2021,1.42,1.465,1.405,1.465,0.025,1.74%,92361
1/10/2021,1.48,1.48,1.42,1.42,-0.045,-3.07%,89672
4/10/2021,1.42,1.42,1.375,1.38,-0.04,-2.82%,200134
5/10/2021,1.375,1.4,1.3,1.39,0.01,0.72%,263657
6/10/2021,1.39,1.4,1.33,1.33,-0.06,-4.32%,160125
7/10/2021,1.35,1.36,1.31,1.32,-0.01,-0.75%,286200
8/10/2021,1.34,1.355,1.3,1.355,0.035,2.65%,316642
11/10/2021,1.335,1.335,1.27,1.3,-0.055,-4.06%,409786
12/10/2021,1.3,1.33,1.275,1.28,-0.02,-1.54%,209605
13/10/2021,1.3,1.35,1.285,1.3,0.02,1.56%,212061
14/10/2021,1.335,1.355,1.305,1.31,0.01,0.77%,348044
15/10/2021,1.32,1.35,1.32,1.33,0.02,1.53%,155089
18/10/2021,1.34,1.365,1.315,1.35,0.02,1.50%,348039
19/10/2021,1.37,1.39,1.315,1.35,0,0.00%,884958
20/10/2021,1.35,1.375,1.325,1.36,0.01,0.74%,160418
21/10/2021,1.355,1.38,1.33,1.375,0.015,1.10%,109537
22/10/2021,1.37,1.375,1.325,1.36,-0.015,-1.09%,154708
25/10/2021,1.37,1.38,1.33,1.38,0.02,1.47%,404928
26/10/2021,1.395,1.395,1.332,1.34,-0.04,-2.90%,358980
27/10/2021,1.345,1.365,1.305,1.33,-0.01,-0.75%,293228
28/10/2021,1.355,1.37,1.315,1.34,0.01,0.75%,573257
29/10/2021,1.34,1.37,1.325,1.355,0.015,1.12%,57880
1/11/2021,1.37,1.375,1.33,1.34,-0.015,-1.11%,168938
2/11/2021,1.34,1.35,1.33,1.34,0,0.00%,75933
3/11/2021,1.34,1.435,1.34,1.4,0.06,4.48%,434341
4/11/2021,1.4,1.475,1.4,1.415,0.015,1.07%,209464
5/11/2021,1.43,1.465,1.375,1.385,-0.03,-2.12%,196956
8/11/2021,1.435,1.435,1.36,1.39,0.005,0.36%,120539
9/11/2021,1.42,1.42,1.35,1.36,-0.03,-2.16%,224521
10/11/2021,1.365,1.365,1.315,1.365,0.005,0.37%,202639
11/11/2021,1.345,1.345,1.295,1.3,-0.065,-4.76%,296861
12/11/2021,1.3,1.3,1.265,1.285,-0.015,-1.15%,287166
15/11/2021,1.28,1.35,1.275,1.345,0.06,4.67%,408039
16/11/2021,1.33,1.33,1.25,1.28,-0.065,-4.83%,398939
17/11/2021,1.273,1.273,1.205,1.24,-0.04,-3.13%,383671
18/11/2021,1.22,1.28,1.215,1.24,0,0.00%,443020
19/11/2021,1.22,1.225,1.185,1.185,-0.055,-4.44%,353032
22/11/2021,1.185,1.2,1.16,1.2,0.015,1.27%,213899
23/11/2021,1.3,1.48,1.3,1.385,0.185,15.42%,1230664
24/11/2021,1.4,1.4,1.335,1.35,-0.035,-2.53%,478387
25/11/2021,1.33,1.4,1.33,1.4,0.05,3.70%,351306
26/11/2021,1.395,1.4,1.34,1.365,-0.035,-2.50%,174951
29/11/2021,1.31,1.35,1.29,1.35,-0.015,-1.10%,381023
30/11/2021,1.345,1.37,1.3,1.37,0.02,1.48%,222600
1/12/2021,1.365,1.365,1.28,1.31,-0.06,-4.38%,210819
2/12/2021,1.29,1.29,1.24,1.29,-0.02,-1.53%,262119
3/12/2021,1.29,1.29,1.215,1.25,-0.04,-3.10%,527568
6/12/2021,1.235,1.235,1.165,1.17,-0.08,-6.40%,371869
7/12/2021,1.165,1.22,1.13,1.21,0.04,3.42%,409376
8/12/2021,1.21,1.23,1.165,1.185,-0.025,-2.07%,308909
9/12/2021,1.19,1.28,1.18,1.18,-0.005,-0.42%,681078
10/12/2021,1.19,1.2,1.15,1.19,0.01,0.85%,247794
13/12/2021,1.2,1.25,1.18,1.25,0.06,5.04%,174388
14/12/2021,1.25,1.29,1.25,1.29,0.04,3.20%,390308
15/12/2021,1.295,1.295,1.25,1.28,-0.01,-0.78%,172844
16/12/2021,1.27,1.3,1.245,1.295,0.015,1.17%,231787
17/12/2021,1.3,1.3,1.25,1.29,-0.005,-0.39%,139678
20/12/2021,1.29,1.29,1.205,1.27,-0.02,-1.55%,191989
21/12/2021,1.225,1.24,1.195,1.22,-0.05,-3.94%,135731
22/12/2021,1.25,1.25,1.19,1.195,-0.025,-2.05%,81711
23/12/2021,1.22,1.255,1.2,1.23,0.035,2.93%,149387
24/12/2021,1.255,1.27,1.25,1.27,0.04,3.25%,17554
29/12/2021,1.27,1.285,1.24,1.285,0.015,1.18%,92811
30/12/2021,1.285,1.305,1.27,1.29,0.005,0.39%,167121
31/12/2021,1.305,1.35,1.29,1.35,0.06,4.65%,152634
4/01/2022,1.35,1.405,1.3,1.315,-0.035,-2.59%,294112
5/01/2022,1.315,1.335,1.275,1.335,0.02,1.52%,43868
6/01/2022,1.32,1.32,1.23,1.265,-0.07,-5.24%,85073
7/01/2022,1.28,1.305,1.23,1.25,-0.015,-1.19%,177572
10/01/2022,1.23,1.295,1.21,1.26,0.01,0.80%,86436
11/01/2022,1.265,1.265,1.215,1.22,-0.04,-3.17%,158208
12/01/2022,1.22,1.25,1.2,1.215,-0.005,-0.41%,292055
13/01/2022,1.215,1.26,1.215,1.26,0.045,3.70%,98073
14/01/2022,1.26,1.26,1.225,1.225,-0.035,-2.78%,38762
17/01/2022,1.225,1.245,1.205,1.205,-0.02,-1.63%,144012
18/01/2022,1.235,1.235,1.21,1.21,0.005,0.41%,34922
19/01/2022,1.215,1.22,1.17,1.19,-0.02,-1.65%,310986
20/01/2022,1.175,1.185,1.16,1.17,-0.02,-1.68%,260657
21/01/2022,1.165,1.18,1.11,1.18,0.01,0.85%,541908
24/01/2022,1.15,1.155,1.085,1.14,-0.04,-3.39%,360240
25/01/2022,1.13,1.13,1.05,1.12,-0.02,-1.75%,324689
27/01/2022,1.095,1.125,1,1.03,-0.09,-8.04%,375393
28/01/2022,1.02,1.04,0.975,1.04,0.01,0.97%,398132
31/01/2022,1.03,1.1,0.97,1.1,0.06,5.77%,484071
1/02/2022,1.115,1.115,1,1.025,-0.075,-6.82%,225257
2/02/2022,1.005,1.04,0.98,1.04,0.015,1.46%,449213
3/02/2022,1.05,1.05,0.925,0.925,-0.115,-11.06%,557594
4/02/2022,0.9,0.955,0.88,0.93,0.005,0.54%,451615
7/02/2022,0.93,0.97,0.865,0.885,-0.045,-4.84%,796686
8/02/2022,0.91,0.91,0.85,0.87,-0.015,-1.69%,525093
9/02/2022,0.89,0.913,0.87,0.91,0.04,4.60%,441531
10/02/2022,0.93,0.97,0.9,0.94,0.03,3.30%,595959
11/02/2022,0.945,0.95,0.885,0.905,-0.035,-3.72%,487929
14/02/2022,0.9,0.95,0.87,0.9,-0.005,-0.55%,455397
15/02/2022,0.905,0.925,0.9,0.925,0.025,2.78%,66745
16/02/2022,0.925,0.94,0.9,0.91,-0.015,-1.62%,317956
17/02/2022,0.905,0.91,0.87,0.9,-0.01,-1.10%,447499
18/02/2022,0.89,0.89,0.855,0.865,-0.035,-3.89%,188449
21/02/2022,0.88,0.88,0.835,0.85,-0.015,-1.73%,460635
22/02/2022,0.85,0.85,0.785,0.81,-0.04,-4.71%,499452
23/02/2022,0.78,0.793,0.735,0.775,-0.035,-4.32%,944401
24/02/2022,0.77,0.77,0.7,0.7,-0.075,-9.68%,638410
25/02/2022,0.695,0.76,0.69,0.735,0.035,5.00%,350938
28/02/2022,0.75,0.76,0.675,0.7,-0.035,-4.76%,720195
1/03/2022,0.7,0.715,0.67,0.67,-0.03,-4.29%,265398
2/03/2022,0.69,0.7,0.655,0.69,0.02,2.99%,292730
3/03/2022,0.69,0.7,0.665,0.67,-0.02,-2.90%,285476
4/03/2022,0.68,0.68,0.57,0.595,-0.075,-11.19%,1067392
7/03/2022,0.59,0.59,0.55,0.585,-0.01,-1.68%,539874
8/03/2022,0.55,0.61,0.55,0.57,-0.015,-2.56%,331524
9/03/2022,0.59,0.62,0.575,0.585,0.015,2.63%,247349
10/03/2022,0.595,0.63,0.595,0.61,0.025,4.27%,424765
11/03/2022,0.61,0.625,0.6,0.605,-0.005,-0.82%,455158
14/03/2022,0.61,0.635,0.6,0.6,-0.005,-0.83%,96811
15/03/2022,0.625,0.67,0.605,0.655,0.055,9.17%,665999
16/03/2022,0.675,0.71,0.65,0.705,0.05,7.63%,435680
17/03/2022,0.815,0.93,0.805,0.845,0.14,19.86%,1916660
18/03/2022,0.89,0.895,0.84,0.855,0.01,1.18%,764665
21/03/2022,0.87,0.905,0.85,0.86,0.005,0.58%,304815
22/03/2022,0.88,0.9,0.86,0.86,0,0.00%,1101023
23/03/2022,0.885,0.895,0.86,0.895,0.035,4.07%,325975
24/03/2022,0.875,0.89,0.875,0.89,-0.005,-0.56%,180061
25/03/2022,0.895,0.9,0.845,0.855,-0.035,-3.93%,332411
28/03/2022,0.88,0.88,0.8,0.8,-0.055,-6.43%,302988
29/03/2022,0.81,0.84,0.81,0.835,0.035,4.38%,264672
30/03/2022,0.855,0.87,0.85,0.85,0.015,1.80%,98467
31/03/2022,0.85,0.855,0.825,0.85,0,0.00%,133466
1/04/2022,0.85,0.865,0.815,0.83,-0.02,-2.35%,171696
4/04/2022,0.83,0.84,0.805,0.81,-0.02,-2.41%,186681
5/04/2022,0.81,0.84,0.76,0.76,-0.05,-6.17%,340314
6/04/2022,0.765,0.8,0.72,0.76,0,0.00%,456295
7/04/2022,0.75,0.752,0.7,0.75,-0.01,-1.32%,345827
8/04/2022,0.75,0.75,0.705,0.71,-0.04,-5.33%,106846
11/04/2022,0.71,0.74,0.7,0.705,-0.005,-0.70%,143024
12/04/2022,0.7,0.72,0.7,0.71,0.005,0.71%,181788
13/04/2022,0.725,0.75,0.715,0.715,0.005,0.70%,140093
14/04/2022,0.715,0.74,0.715,0.725,0.01,1.40%,151246
19/04/2022,0.75,0.79,0.74,0.76,0.035,4.83%,335371
20/04/2022,0.76,0.765,0.728,0.745,-0.015,-1.97%,150999
21/04/2022,0.75,0.78,0.75,0.76,0.015,2.01%,146940
22/04/2022,0.75,0.78,0.75,0.77,0.01,1.32%,210491
26/04/2022,0.76,0.76,0.72,0.755,-0.015,-1.95%,222326
27/04/2022,0.725,0.755,0.7,0.735,-0.02,-2.65%,352060
28/04/2022,0.705,0.725,0.695,0.705,-0.03,-4.08%,557302
29/04/2022,0.71,0.73,0.7,0.73,0.025,3.55%,245842
2/05/2022,0.71,0.73,0.68,0.73,0,0.00%,192160
3/05/2022,0.705,0.715,0.675,0.675,-0.055,-7.53%,347799
4/05/2022,0.67,0.67,0.62,0.655,-0.02,-2.96%,392924
5/05/2022,0.655,0.655,0.62,0.655,0,0.00%,249586
6/05/2022,0.615,0.625,0.605,0.62,-0.035,-5.34%,264175
9/05/2022,0.63,0.63,0.57,0.575,-0.045,-7.26%,248441
10/05/2022,0.58,0.6,0.57,0.6,0.025,4.35%,265107
11/05/2022,0.6,0.685,0.59,0.67,0.07,11.67%,265303
12/05/2022,0.68,0.788,0.65,0.775,0.105,15.67%,509602
13/05/2022,0.77,0.77,0.72,0.755,-0.02,-2.58%,204327
16/05/2022,0.755,0.785,0.67,0.725,-0.03,-3.97%,439678
17/05/2022,0.675,0.72,0.67,0.7,-0.025,-3.45%,151732
18/05/2022,0.7,0.7,0.66,0.66,-0.04,-5.71%,93726
19/05/2022,0.65,0.655,0.62,0.625,-0.035,-5.30%,156843
20/05/2022,0.625,0.68,0.625,0.635,0.01,1.60%,204715
23/05/2022,0.66,0.66,0.6,0.63,-0.005,-0.79%,290332
24/05/2022,0.635,0.665,0.63,0.63,0,0.00%,181937
25/05/2022,0.63,0.68,0.61,0.61,-0.02,-3.17%,7463125
26/05/2022,0.615,0.64,0.615,0.625,0.015,2.46%,137964
27/05/2022,0.63,0.645,0.62,0.62,-0.005,-0.80%,209892
30/05/2022,0.63,0.65,0.63,0.645,0.025,4.03%,152418
31/05/2022,0.64,0.645,0.62,0.645,0,0.00%,250530
1/06/2022,0.645,0.645,0.62,0.625,-0.02,-3.10%,134879
2/06/2022,0.62,0.64,0.62,0.64,0.015,2.40%,144246
3/06/2022,0.63,0.63,0.6,0.6,-0.04,-6.25%,245859
6/06/2022,0.59,0.615,0.575,0.615,0.015,2.50%,98198
7/06/2022,0.58,0.58,0.55,0.55,-0.065,-10.57%,314130
8/06/2022,0.56,0.59,0.54,0.54,-0.01,-1.82%,269267
9/06/2022,0.55,0.55,0.495,0.5,-0.04,-7.41%,926035
10/06/2022,0.5,0.5,0.455,0.47,-0.03,-6.00%,1118569
14/06/2022,0.45,0.46,0.4,0.45,-0.02,-4.26%,1412454
15/06/2022,0.45,0.45,0.4,0.4,-0.05,-11.11%,628604
16/06/2022,0.415,0.415,0.37,0.385,-0.015,-3.75%,1012091
17/06/2022,0.385,0.4,0.375,0.4,0.015,3.90%,453384
20/06/2022,0.4,0.4,0.32,0.35,-0.05,-12.50%,1354750
21/06/2022,0.345,0.4,0.335,0.37,0.02,5.71%,621811
22/06/2022,0.37,0.39,0.345,0.355,-0.015,-4.05%,531986
23/06/2022,0.36,0.4,0.35,0.355,0,0.00%,558955
24/06/2022,0.355,0.395,0.355,0.38,0.025,7.04%,1369989
27/06/2022,0.4,0.4,0.355,0.36,-0.02,-5.26%,1300352
28/06/2022,0.36,0.735,0.36,0.46,0.1,27.78%,4977553
29/06/2022,0.475,0.535,0.45,0.5,0.04,8.70%,1317949
30/06/2022,0.52,0.645,0.52,0.59,0.09,18.00%,1469525
1/07/2022,0.62,0.695,0.565,0.565,-0.025,-4.24%,1101472
4/07/2022,0.595,0.605,0.54,0.59,0.025,4.42%,493494
5/07/2022,0.575,0.595,0.57,0.58,-0.01,-1.69%,592128
6/07/2022,0.575,0.59,0.55,0.58,0,0.00%,233536
7/07/2022,0.565,0.6,0.56,0.58,0,0.00%,61465
8/07/2022,0.58,0.59,0.565,0.58,0,0.00%,255726
11/07/2022,0.58,0.585,0.535,0.535,-0.045,-7.76%,258241
12/07/2022,0.535,0.535,0.49,0.49,-0.045,-8.41%,483013
13/07/2022,0.49,0.52,0.49,0.49,0,0.00%,120230
14/07/2022,0.495,0.535,0.49,0.5,0.01,2.04%,499058
15/07/2022,0.495,0.51,0.475,0.49,-0.01,-2.00%,296844
18/07/2022,0.49,0.495,0.47,0.485,-0.005,-1.02%,150580
19/07/2022,0.485,0.515,0.485,0.485,0,0.00%,81332
20/07/2022,0.51,0.52,0.49,0.52,0.035,7.22%,152923
21/07/2022,0.52,0.56,0.5,0.52,0,0.00%,326640
22/07/2022,0.56,0.655,0.56,0.645,0.125,24.04%,548086
25/07/2022,0.65,0.65,0.587,0.59,-0.055,-8.53%,214846
26/07/2022,0.59,0.62,0.565,0.61,0.02,3.39%,278367
27/07/2022,0.62,0.62,0.59,0.61,0,0.00%,99170
28/07/2022,0.62,0.65,0.61,0.61,0,0.00%,134900
29/07/2022,0.625,0.71,0.615,0.71,0.1,16.39%,511587
1/08/2022,0.735,0.76,0.66,0.66,-0.05,-7.04%,466373
2/08/2022,0.66,0.68,0.64,0.64,-0.02,-3.03%,261016
3/08/2022,0.665,0.72,0.64,0.7,0.06,9.38%,370789
4/08/2022,0.7,0.725,0.67,0.69,-0.01,-1.43%,382946
5/08/2022,0.685,0.72,0.66,0.7,0.01,1.45%,397406
8/08/2022,0.71,0.715,0.65,0.69,-0.01,-1.43%,398129
9/08/2022,0.675,0.7,0.665,0.7,0.01,1.45%,189672
10/08/2022,0.7,0.7,0.65,0.65,-0.05,-7.14%,241216
11/08/2022,0.675,0.68,0.645,0.66,0.01,1.54%,158839
12/08/2022,0.66,0.685,0.65,0.675,0.015,2.27%,214228
15/08/2022,0.7,0.7,0.675,0.68,0.005,0.74%,109286
16/08/2022,0.68,0.68,0.665,0.68,0,0.00%,125907
17/08/2022,0.665,0.68,0.655,0.67,-0.01,-1.47%,395684
18/08/2022,0.67,0.68,0.63,0.635,-0.035,-5.22%,1817950
19/08/2022,0.645,0.725,0.645,0.66,0.025,3.94%,268697
22/08/2022,0.68,0.68,0.645,0.645,-0.015,-2.27%,255147
23/08/2022,0.65,0.655,0.6,0.61,-0.035,-5.43%,351247
24/08/2022,0.61,0.61,0.555,0.57,-0.04,-6.56%,310970
25/08/2022,0.585,0.61,0.575,0.575,0.005,0.88%,214746
26/08/2022,0.59,0.605,0.515,0.525,-0.05,-8.70%,397826
29/08/2022,0.53,0.54,0.5,0.515,-0.01,-1.90%,412633
30/08/2022,0.52,0.525,0.495,0.5,-0.015,-2.91%,179997
31/08/2022,0.68,0.755,0.585,0.68,0.18,36.00%,6008982
1/09/2022,0.7,0.705,0.615,0.665,-0.015,-2.21%,1519286
2/09/2022,0.67,0.68,0.63,0.67,0.005,0.75%,283110
5/09/2022,0.65,0.67,0.635,0.67,0,0.00%,194081
6/09/2022,0.655,0.67,0.625,0.645,-0.025,-3.73%,290082
7/09/2022,0.645,0.65,0.63,0.64,-0.005,-0.78%,190497
8/09/2022,0.65,0.65,0.61,0.62,-0.02,-3.13%,400216
9/09/2022,0.62,0.63,0.605,0.605,-0.015,-2.42%,202972
12/09/2022,0.615,0.62,0.605,0.62,0.015,2.48%,58441
13/09/2022,0.62,0.665,0.62,0.63,0.01,1.61%,205679
14/09/2022,0.625,0.66,0.61,0.64,0.01,1.59%,223655
15/09/2022,0.65,0.678,0.625,0.64,0,0.00%,204255
16/09/2022,0.64,0.642,0.615,0.625,-0.015,-2.34%,500029
19/09/2022,0.64,0.64,0.62,0.62,-0.005,-0.80%,235192
20/09/2022,0.635,0.64,0.61,0.61,-0.01,-1.61%,196230
21/09/2022,0.615,0.625,0.6,0.625,0.015,2.46%,99831
23/09/2022,0.61,0.62,0.59,0.59,-0.035,-5.60%,143295
26/09/2022,0.59,0.59,0.56,0.56,-0.03,-5.08%,229760
27/09/2022,0.57,0.595,0.565,0.58,0.02,3.57%,279168
28/09/2022,0.59,0.59,0.565,0.58,0,0.00%,171032
29/09/2022,0.59,0.59,0.565,0.57,-0.01,-1.72%,483597
30/09/2022,0.58,0.585,0.56,0.58,0.01,1.75%,250450
3/10/2022,0.58,0.59,0.56,0.56,-0.02,-3.45%,233395
4/10/2022,0.56,0.58,0.56,0.56,0,0.00%,193627
5/10/2022,0.58,0.585,0.57,0.575,0.015,2.68%,191964
6/10/2022,0.6,0.66,0.59,0.645,0.07,12.17%,280458
7/10/2022,0.64,0.645,0.62,0.64,-0.005,-0.78%,280790
10/10/2022,0.65,0.705,0.64,0.665,0.025,3.91%,932741
11/10/2022,0.66,0.675,0.625,0.665,0,0.00%,275287
12/10/2022,0.665,0.67,0.635,0.67,0.005,0.75%,141722
13/10/2022,0.68,0.685,0.64,0.645,-0.025,-3.73%,248257
14/10/2022,0.645,0.65,0.605,0.605,-0.04,-6.20%,217061
17/10/2022,0.6,0.6,0.565,0.58,-0.025,-4.13%,292365
18/10/2022,0.59,0.625,0.56,0.58,0,0.00%,616484
19/10/2022,0.58,0.65,0.58,0.63,0.05,8.62%,670928
20/10/2022,0.62,0.62,0.6,0.61,-0.02,-3.17%,152641
21/10/2022,0.61,0.62,0.61,0.62,0.01,1.64%,47777
24/10/2022,0.65,0.65,0.595,0.61,-0.01,-1.61%,216555
25/10/2022,0.61,0.635,0.61,0.625,0.015,2.46%,130813
26/10/2022,0.645,0.685,0.625,0.67,0.045,7.20%,272980
27/10/2022,0.69,0.71,0.64,0.64,-0.03,-4.48%,521084
28/10/2022,0.66,0.68,0.64,0.645,0.005,0.78%,186983
31/10/2022,0.655,0.66,0.645,0.645,0,0.00%,119373
1/11/2022,0.645,0.645,0.62,0.62,-0.025,-3.88%,109388
2/11/2022,0.62,0.62,0.58,0.59,-0.03,-4.84%,413977
3/11/2022,0.59,0.6,0.57,0.575,-0.015,-2.54%,344015
4/11/2022,0.59,0.59,0.565,0.575,0,0.00%,128994
7/11/2022,0.6,0.6,0.55,0.555,-0.02,-3.48%,243414
8/11/2022,0.56,0.595,0.55,0.56,0.005,0.90%,344750
9/11/2022,0.56,0.57,0.54,0.55,-0.01,-1.79%,337399
10/11/2022,0.55,0.56,0.54,0.55,0,0.00%,162526
11/11/2022,0.56,0.59,0.555,0.56,0.01,1.82%,74586
14/11/2022,0.55,0.55,0.505,0.51,-0.05,-8.93%,1158311
15/11/2022,0.515,0.535,0.515,0.535,0.025,4.90%,182022
16/11/2022,0.515,0.53,0.51,0.51,-0.025,-4.67%,674665
17/11/2022,0.51,0.515,0.485,0.5,-0.01,-1.96%,739289
18/11/2022,0.495,0.5,0.495,0.5,0,0.00%,169930
21/11/2022,0.505,0.505,0.49,0.49,-0.01,-2.00%,184296
22/11/2022,0.49,0.5,0.485,0.5,0.01,2.04%,105844
23/11/2022,0.5,0.5,0.425,0.475,-0.025,-5.00%,788573
24/11/2022,0.485,0.485,0.435,0.46,-0.015,-3.16%,458356
25/11/2022,0.46,0.477,0.445,0.465,0.005,1.09%,148594
28/11/2022,0.465,0.48,0.445,0.45,-0.015,-3.23%,1483444
29/11/2022,0.455,0.495,0.455,0.47,0.02,4.44%,701767
30/11/2022,0.48,0.48,0.465,0.48,0.01,2.13%,233898
1/12/2022,0.48,0.48,0.465,0.475,-0.005,-1.04%,393455
2/12/2022,0.47,0.475,0.45,0.45,-0.025,-5.26%,400752
5/12/2022,0.455,0.465,0.44,0.465,0.015,3.33%,452195
6/12/2022,0.44,0.45,0.43,0.44,-0.025,-5.38%,259151
7/12/2022,0.44,0.44,0.405,0.41,-0.03,-6.82%,488177
8/12/2022,0.415,0.43,0.405,0.415,0.005,1.22%,353816
9/12/2022,0.43,0.445,0.415,0.43,0.015,3.61%,171624
12/12/2022,0.45,0.465,0.435,0.45,0.02,4.65%,246483
13/12/2022,0.44,0.45,0.43,0.43,-0.02,-4.44%,138838
14/12/2022,0.42,0.435,0.41,0.41,-0.02,-4.65%,386377
15/12/2022,0.41,0.42,0.405,0.41,0,0.00%,250161
16/12/2022,0.41,0.415,0.385,0.385,-0.025,-6.10%,874484
19/12/2022,0.4,0.4,0.385,0.39,0.005,1.30%,334886
20/12/2022,0.39,0.41,0.38,0.385,-0.005,-1.28%,262575
21/12/2022,0.385,0.395,0.37,0.375,-0.01,-2.60%,412562
22/12/2022,0.375,0.385,0.365,0.375,0,0.00%,273348
23/12/2022,0.375,0.38,0.37,0.375,0,0.00%,430752
28/12/2022,0.375,0.375,0.365,0.37,-0.005,-1.33%,203200
29/12/2022,0.375,0.39,0.37,0.39,0.02,5.41%,41155
30/12/2022,0.4,0.42,0.395,0.42,0.03,7.69%,253272
3/01/2023,0.4,0.405,0.39,0.395,-0.025,-5.95%,308721
4/01/2023,0.395,0.4,0.385,0.385,-0.01,-2.53%,301332
5/01/2023,0.395,0.405,0.395,0.395,0.01,2.60%,486400
6/01/2023,0.4,0.405,0.385,0.405,0.01,2.53%,136230
9/01/2023,0.42,0.42,0.385,0.39,-0.015,-3.70%,422611
10/01/2023,0.395,0.4,0.385,0.385,-0.005,-1.28%,356319
11/01/2023,0.395,0.415,0.395,0.4,0.015,3.90%,195341
12/01/2023,0.41,0.41,0.395,0.395,-0.005,-1.25%,98805
13/01/2023,0.405,0.425,0.395,0.395,0,0.00%,217646
16/01/2023,0.4,0.415,0.395,0.395,0,0.00%,177971
17/01/2023,0.395,0.445,0.395,0.44,0.045,11.39%,213402
18/01/2023,0.45,0.49,0.44,0.47,0.03,6.82%,654835
19/01/2023,0.46,0.47,0.435,0.44,-0.03,-6.38%,291258
20/01/2023,0.44,0.45,0.43,0.45,0.01,2.27%,206250
23/01/2023,0.45,0.465,0.425,0.425,-0.025,-5.56%,259409
24/01/2023,0.43,0.435,0.395,0.395,-0.03,-7.06%,554259
25/01/2023,0.415,0.42,0.395,0.395,0,0.00%,308890
27/01/2023,0.4,0.41,0.395,0.4,0.005,1.27%,120247
30/01/2023,0.405,0.41,0.39,0.4,0,0.00%,195365
31/01/2023,0.4,0.45,0.4,0.435,0.035,8.75%,826948
1/02/2023,0.44,0.44,0.42,0.43,-0.005,-1.15%,310265
2/02/2023,0.44,0.44,0.42,0.42,-0.01,-2.33%,187645
3/02/2023,0.44,0.45,0.43,0.43,0.01,2.38%,288784
6/02/2023,0.43,0.445,0.425,0.43,0,0.00%,242122
7/02/2023,0.43,0.45,0.42,0.43,0,0.00%,160985
8/02/2023,0.43,0.43,0.42,0.42,-0.01,-2.33%,134276
9/02/2023,0.425,0.44,0.42,0.42,0,0.00%,177846
10/02/2023,0.43,0.43,0.42,0.43,0.01,2.38%,245472
13/02/2023,0.43,0.43,0.405,0.41,-0.02,-4.65%,395491
14/02/2023,0.415,0.415,0.4,0.4,-0.01,-2.44%,255063
15/02/2023,0.41,0.41,0.4,0.4,0,0.00%,307875
16/02/2023,0.405,0.405,0.395,0.4,0,0.00%,379376
17/02/2023,0.41,0.41,0.395,0.395,-0.005,-1.25%,161102
20/02/2023,0.4,0.4,0.39,0.395,0,0.00%,420980
21/02/2023,0.395,0.4,0.385,0.4,0.005,1.27%,537555
22/02/2023,0.395,0.4,0.39,0.39,-0.01,-2.50%,149481
23/02/2023,0.395,0.4,0.395,0.395,0.005,1.28%,410943
24/02/2023,0.4,0.4,0.39,0.4,0.005,1.27%,879970
27/02/2023,0.41,0.41,0.38,0.38,-0.02,-5.00%,113200
28/02/2023,0.385,0.405,0.38,0.395,0.015,3.95%,218274
1/03/2023,0.395,0.4,0.375,0.39,-0.005,-1.27%,386290
2/03/2023,0.38,0.38,0.355,0.36,-0.03,-7.69%,411908
3/03/2023,0.365,0.37,0.355,0.37,0.01,2.78%,253090
6/03/2023,0.37,0.37,0.36,0.36,-0.01,-2.70%,76164
7/03/2023,0.36,0.36,0.35,0.35,-0.01,-2.78%,429114
8/03/2023,0.355,0.38,0.35,0.36,0.01,2.86%,300649
9/03/2023,0.36,0.37,0.36,0.37,0.01,2.78%,8271
10/03/2023,0.37,0.37,0.365,0.37,0,0.00%,66494
13/03/2023,0.37,0.37,0.365,0.37,0,0.00%,54120
14/03/2023,0.37,0.39,0.36,0.36,-0.01,-2.70%,485449
15/03/2023,0.363,0.37,0.363,0.37,0.01,2.78%,114698
16/03/2023,0.37,0.37,0.36,0.36,-0.01,-2.70%,92475
17/03/2023,0.36,0.365,0.36,0.365,0.005,1.39%,114917
20/03/2023,0.355,0.355,0.35,0.35,-0.015,-4.11%,192005
21/03/2023,0.35,0.355,0.35,0.35,0,0.00%,55148
22/03/2023,0.35,0.352,0.345,0.345,-0.005,-1.43%,236696
23/03/2023,0.345,0.35,0.345,0.345,0,0.00%,107309
24/03/2023,0.355,0.355,0.34,0.34,-0.005,-1.45%,933189
27/03/2023,0.34,0.345,0.33,0.33,-0.01,-2.94%,320593
28/03/2023,0.33,0.33,0.31,0.315,-0.015,-4.55%,649622
29/03/2023,0.32,0.335,0.315,0.32,0.005,1.59%,101670
30/03/2023,0.315,0.32,0.31,0.32,0,0.00%,245943
31/03/2023,0.315,0.32,0.29,0.32,0,0.00%,1086491
3/04/2023,0.31,0.31,0.3,0.3,-0.02,-6.25%,197275
4/04/2023,0.305,0.32,0.305,0.315,0.015,5.00%,394649
5/04/2023,0.32,0.55,0.31,0.515,0.2,63.49%,4459893
6/04/2023,0.53,0.65,0.525,0.54,0.025,4.85%,2858937
11/04/2023,0.595,0.855,0.565,0.8,0.26,48.15%,5434168
12/04/2023,0.8,0.86,0.72,0.745,-0.055,-6.88%,2435488
13/04/2023,0.72,0.775,0.62,0.765,0.02,2.68%,3056137
14/04/2023,0.83,0.98,0.805,0.89,0.125,16.34%,4503431
17/04/2023,0.94,0.945,0.89,0.92,0.03,3.37%,1591799
18/04/2023,0.92,0.93,0.84,0.84,-0.08,-8.70%,928360
19/04/2023,0.86,0.89,0.815,0.87,0.03,3.57%,672824
20/04/2023,0.895,0.91,0.81,0.81,-0.06,-6.90%,1050740
21/04/2023,0.83,0.85,0.767,0.825,0.015,1.85%,1214780
24/04/2023,0.82,0.84,0.795,0.8,-0.025,-3.03%,484664
26/04/2023,0.79,0.913,0.76,0.895,0.095,11.88%,1380180
27/04/2023,0.9,0.95,0.845,0.855,-0.04,-4.47%,839084
28/04/2023,0.875,0.9,0.835,0.85,-0.005,-0.58%,422969
1/05/2023,0.91,1.06,0.9,0.955,0.105,12.35%,4121489
2/05/2023,0.97,1.27,0.955,1.16,0.205,21.47%,4916555
3/05/2023,1.15,1.21,1.09,1.135,-0.025,-2.16%,2317632
8/05/2023,1.14,1.17,1.01,1.12,-0.015,-1.32%,3007864
9/05/2023,1.115,1.13,1.05,1.055,-0.065,-5.80%,813873
10/05/2023,1.02,1.085,0.96,0.97,-0.085,-8.06%,2388128
11/05/2023,0.96,0.975,0.94,0.955,-0.015,-1.55%,971549
12/05/2023,0.96,0.96,0.91,0.91,-0.045,-4.71%,1506468
15/05/2023,0.905,0.91,0.85,0.85,-0.06,-6.59%,2117364
16/05/2023,0.85,0.865,0.81,0.82,-0.03,-3.53%,2115858
17/05/2023,0.81,0.89,0.81,0.86,0.04,4.88%,1585839
18/05/2023,0.89,0.955,0.87,0.92,0.06,6.98%,2788713
19/05/2023,0.925,0.95,0.87,0.87,-0.05,-5.43%,794797
22/05/2023,0.875,0.925,0.87,0.91,0.04,4.60%,1082983
23/05/2023,0.935,0.96,0.895,0.895,-0.015,-1.65%,1925568
24/05/2023,0.91,0.915,0.89,0.895,0,0.00%,1040666
25/05/2023,0.91,0.91,0.835,0.855,-0.04,-4.47%,1179854
26/05/2023,0.855,0.91,0.85,0.85,-0.005,-0.58%,792985
29/05/2023,0.86,0.87,0.84,0.84,-0.01,-1.18%,870026
30/05/2023,0.855,0.86,0.83,0.855,0.015,1.79%,492449
31/05/2023,0.825,0.83,0.77,0.77,-0.085,-9.94%,1495623
1/06/2023,0.79,0.845,0.78,0.83,0.06,7.79%,1028739
2/06/2023,0.84,0.86,0.825,0.835,0.005,0.60%,342440
5/06/2023,0.845,0.86,0.81,0.835,0,0.00%,595451
6/06/2023,0.83,0.85,0.81,0.825,-0.01,-1.20%,469857
7/06/2023,0.845,0.915,0.82,0.88,0.055,6.67%,825884
8/06/2023,0.88,0.88,0.845,0.845,-0.035,-3.98%,538660
9/06/2023,0.86,0.86,0.83,0.835,-0.01,-1.18%,437609
13/06/2023,0.845,0.85,0.81,0.825,-0.01,-1.20%,604323
14/06/2023,0.84,0.855,0.81,0.81,-0.015,-1.82%,774913
15/06/2023,0.82,0.82,0.78,0.78,-0.03,-3.70%,597122
16/06/2023,0.785,0.79,0.735,0.75,-0.03,-3.85%,1234461
19/06/2023,0.735,0.77,0.725,0.74,-0.01,-1.33%,508117
20/06/2023,0.74,0.74,0.69,0.695,-0.045,-6.08%,854355
21/06/2023,0.7,0.73,0.685,0.695,0,0.00%,742979
22/06/2023,0.69,0.69,0.65,0.65,-0.045,-6.47%,1051875
23/06/2023,0.66,0.74,0.65,0.715,0.065,10.00%,1069878
26/06/2023,0.715,0.715,0.66,0.67,-0.045,-6.29%,567889
27/06/2023,0.67,0.685,0.635,0.655,-0.015,-2.24%,939445
28/06/2023,0.66,0.7,0.65,0.7,0.045,6.87%,454952
29/06/2023,0.69,0.705,0.68,0.705,0.005,0.71%,347571
30/06/2023,0.69,0.71,0.665,0.67,-0.035,-4.96%,735349
3/07/2023,0.66,0.735,0.66,0.73,0.06,8.96%,319739
4/07/2023,0.73,0.795,0.715,0.77,0.04,5.48%,864015
5/07/2023,0.785,0.82,0.77,0.79,0.02,2.60%,360199
6/07/2023,0.795,0.795,0.725,0.745,-0.045,-5.70%,523507
7/07/2023,0.75,0.765,0.72,0.735,-0.01,-1.34%,219880
10/07/2023,0.735,0.745,0.7,0.705,-0.03,-4.08%,190359
11/07/2023,0.7,0.745,0.7,0.74,0.035,4.96%,152992
12/07/2023,0.73,0.76,0.695,0.695,-0.045,-6.08%,397818
13/07/2023,0.7,0.72,0.695,0.7,0.005,0.72%,499244
14/07/2023,0.705,0.705,0.67,0.675,-0.025,-3.57%,414439
17/07/2023,0.675,0.7,0.675,0.68,0.005,0.74%,216188
18/07/2023,0.68,0.695,0.68,0.68,0,0.00%,144125
19/07/2023,0.68,0.72,0.678,0.705,0.025,3.68%,255917
20/07/2023,0.72,0.75,0.7,0.72,0.015,2.13%,358320
21/07/2023,0.715,0.72,0.685,0.685,-0.035,-4.86%,215572
24/07/2023,0.73,0.745,0.7,0.715,0.03,4.38%,375622
25/07/2023,0.72,0.73,0.685,0.7,-0.015,-2.10%,334943
26/07/2023,0.73,0.73,0.69,0.695,-0.005,-0.71%,129655
27/07/2023,0.72,0.75,0.7,0.73,0.035,5.04%,722609
28/07/2023,0.74,0.75,0.7,0.735,0.005,0.68%,344320
31/07/2023,0.73,0.73,0.685,0.69,-0.045,-6.12%,510754
1/08/2023,0.7,0.71,0.675,0.68,-0.01,-1.45%,509496
2/08/2023,0.68,0.7,0.67,0.675,-0.005,-0.74%,212373
3/08/2023,0.68,0.68,0.66,0.67,-0.005,-0.74%,496085
4/08/2023,0.675,0.675,0.65,0.66,-0.01,-1.49%,477777
7/08/2023,0.65,0.66,0.62,0.63,-0.03,-4.55%,403784
8/08/2023,0.615,0.63,0.59,0.6,-0.03,-4.76%,466372
9/08/2023,0.6,0.6,0.58,0.59,-0.01,-1.67%,269292
10/08/2023,0.59,0.69,0.58,0.68,0.09,15.25%,411972
11/08/2023,0.68,0.71,0.68,0.71,0.03,4.41%,585346
14/08/2023,0.72,0.74,0.7,0.725,0.015,2.11%,301960
15/08/2023,0.725,0.725,0.695,0.695,-0.03,-4.14%,248233
16/08/2023,0.705,0.73,0.69,0.715,0.02,2.88%,404096
17/08/2023,0.695,0.72,0.67,0.7,-0.015,-2.10%,380734
18/08/2023,0.7,0.71,0.68,0.68,-0.02,-2.86%,461997
21/08/2023,0.685,0.685,0.62,0.63,-0.05,-7.35%,511917
22/08/2023,0.63,0.65,0.62,0.625,-0.005,-0.79%,166854
23/08/2023,0.63,0.64,0.63,0.63,0.005,0.80%,101427
24/08/2023,0.625,0.64,0.61,0.615,-0.015,-2.38%,146056
25/08/2023,0.62,0.63,0.61,0.62,0.005,0.81%,134070
28/08/2023,0.62,0.63,0.6,0.6,-0.02,-3.23%,303134
29/08/2023,0.6,0.675,0.58,0.63,0.03,5.00%,820908
30/08/2023,0.64,0.66,0.64,0.65,0.02,3.17%,95951
31/08/2023,0.66,0.68,0.63,0.67,0.02,3.08%,285066
1/09/2023,0.665,0.67,0.645,0.645,-0.025,-3.73%,215994
4/09/2023,0.645,0.655,0.61,0.61,-0.035,-5.43%,189511
5/09/2023,0.63,0.645,0.615,0.645,0.035,5.74%,222565
6/09/2023,0.65,0.65,0.61,0.615,-0.03,-4.65%,160653
7/09/2023,0.62,0.62,0.605,0.61,-0.005,-0.81%,184987
8/09/2023,0.61,0.61,0.58,0.605,-0.005,-0.82%,384017
11/09/2023,0.605,0.61,0.58,0.59,-0.015,-2.48%,171784
12/09/2023,0.6,0.61,0.58,0.59,0,0.00%,227013
13/09/2023,0.58,0.61,0.58,0.585,-0.005,-0.85%,208065
14/09/2023,0.585,0.64,0.585,0.64,0.055,9.40%,198480
15/09/2023,0.64,0.67,0.605,0.67,0.03,4.69%,487716
18/09/2023,0.665,0.665,0.6,0.605,-0.065,-9.70%,135631
19/09/2023,0.595,0.595,0.57,0.57,-0.035,-5.79%,484705
20/09/2023,0.575,0.58,0.56,0.565,-0.005,-0.88%,382429
21/09/2023,0.57,0.57,0.535,0.55,-0.015,-2.65%,244536
22/09/2023,0.53,0.55,0.515,0.53,-0.02,-3.64%,413409
25/09/2023,0.525,0.535,0.52,0.53,0,0.00%,429310
26/09/2023,0.54,0.54,0.505,0.505,-0.025,-4.72%,291828
27/09/2023,0.51,0.51,0.495,0.5,-0.005,-0.99%,269611
28/09/2023,0.5,0.5,0.47,0.48,-0.02,-4.00%,540326
29/09/2023,0.47,0.495,0.45,0.45,-0.03,-6.25%,490310
2/10/2023,0.47,0.53,0.47,0.525,0.075,16.67%,233057
3/10/2023,0.52,0.54,0.51,0.54,0.015,2.86%,152176
4/10/2023,0.54,0.54,0.48,0.48,-0.06,-11.11%,181793
5/10/2023,0.5,0.515,0.48,0.5,0.02,4.17%,194118
6/10/2023,0.5,0.525,0.49,0.505,0.005,1.00%,144900
9/10/2023,0.505,0.505,0.465,0.5,-0.005,-0.99%,304807
10/10/2023,0.505,0.51,0.475,0.48,-0.02,-4.00%,309668
11/10/2023,0.485,0.495,0.465,0.475,-0.005,-1.04%,270371
12/10/2023,0.48,0.505,0.48,0.48,0.005,1.05%,336235
13/10/2023,0.5,0.505,0.475,0.495,0.015,3.13%,200051
16/10/2023,0.49,0.5,0.48,0.48,-0.015,-3.03%,94376
17/10/2023,0.485,0.52,0.485,0.515,0.035,7.29%,328183
18/10/2023,0.515,0.515,0.495,0.515,0,0.00%,251565
19/10/2023,0.495,0.52,0.49,0.49,-0.025,-4.85%,241009
20/10/2023,0.49,0.505,0.49,0.495,0.005,1.02%,87511
23/10/2023,0.495,0.5,0.465,0.475,-0.02,-4.04%,134834
24/10/2023,0.475,0.49,0.47,0.49,0.015,3.16%,39158
25/10/2023,0.485,0.49,0.475,0.48,-0.01,-2.04%,37349
26/10/2023,0.48,0.485,0.47,0.47,-0.01,-2.08%,13673
27/10/2023,0.49,0.49,0.465,0.47,0,0.00%,101449
30/10/2023,0.5,0.55,0.48,0.495,0.025,5.32%,677644
31/10/2023,0.49,0.495,0.465,0.465,-0.03,-6.06%,197009
1/11/2023,0.47,0.515,0.455,0.49,0.025,5.38%,272573
2/11/2023,0.485,0.485,0.455,0.465,-0.025,-5.10%,315442
3/11/2023,0.48,0.48,0.465,0.465,0,0.00%,331229
6/11/2023,0.47,0.475,0.46,0.46,-0.005,-1.08%,246335
7/11/2023,0.46,0.475,0.46,0.465,0.005,1.09%,54239
8/11/2023,0.46,0.48,0.46,0.475,0.01,2.15%,194663
9/11/2023,0.47,0.477,0.455,0.455,-0.02,-4.21%,400801
10/11/2023,0.46,0.475,0.46,0.46,0.005,1.10%,149322
13/11/2023,0.635,0.79,0.59,0.785,0.325,70.65%,6876348
14/11/2023,0.82,0.84,0.685,0.725,-0.06,-7.64%,5103465
15/11/2023,0.715,0.73,0.65,0.67,-0.055,-7.59%,1462887
16/11/2023,0.66,0.76,0.64,0.72,0.05,7.46%,1372079
17/11/2023,0.72,0.72,0.652,0.655,-0.065,-9.03%,893727
20/11/2023,0.745,0.8,0.695,0.71,0.055,8.40%,2773916
21/11/2023,0.69,0.73,0.665,0.67,-0.04,-5.63%,1117141
22/11/2023,0.765,0.87,0.75,0.81,0.14,20.90%,4689563
23/11/2023,0.79,0.81,0.755,0.78,-0.03,-3.70%,1429180
24/11/2023,0.795,0.945,0.78,0.925,0.145,18.59%,3521856
27/11/2023,0.955,1,0.885,0.885,-0.04,-4.32%,2558845
28/11/2023,0.89,0.94,0.87,0.92,0.035,3.95%,1123518
29/11/2023,1.015,1.1,0.975,0.995,0.075,8.15%,4997903
30/11/2023,1.01,1.035,0.955,0.955,-0.04,-4.02%,1460940
1/12/2023,0.98,1.02,0.955,0.97,0.015,1.57%,1142402
4/12/2023,0.98,0.985,0.92,0.935,-0.035,-3.61%,653430
5/12/2023,0.92,0.935,0.9,0.935,0,0.00%,542968
6/12/2023,0.93,0.99,0.93,0.955,0.02,2.14%,787479
11/12/2023,0.865,0.865,0.805,0.82,-0.135,-14.14%,3214763
12/12/2023,0.825,0.84,0.815,0.835,0.015,1.83%,1111895
13/12/2023,0.825,0.825,0.72,0.735,-0.1,-11.98%,3428062
14/12/2023,0.74,0.77,0.72,0.74,0.005,0.68%,1938153
15/12/2023,0.73,0.755,0.725,0.74,0,0.00%,1814378
18/12/2023,0.75,0.75,0.73,0.74,0,0.00%,690899
19/12/2023,0.75,0.75,0.705,0.71,-0.03,-4.05%,1514461
20/12/2023,0.725,0.745,0.71,0.725,0.015,2.11%,1193858
21/12/2023,0.73,0.74,0.685,0.715,-0.01,-1.38%,1247590
22/12/2023,0.715,0.72,0.7,0.705,-0.01,-1.40%,603404
27/12/2023,0.705,0.73,0.705,0.715,0.01,1.42%,461625
28/12/2023,0.71,0.72,0.69,0.72,0.005,0.70%,635039
29/12/2023,0.71,0.72,0.7,0.715,-0.005,-0.69%,461258
2/01/2024,0.715,0.725,0.705,0.715,0,0.00%,632395
3/01/2024,0.725,0.725,0.705,0.715,0,0.00%,373562
4/01/2024,0.715,0.72,0.707,0.71,-0.005,-0.70%,354889
5/01/2024,0.715,0.72,0.7,0.705,-0.005,-0.70%,492908
8/01/2024,0.715,0.715,0.69,0.7,-0.005,-0.71%,477280
9/01/2024,0.71,0.735,0.705,0.73,0.03,4.29%,2264823
10/01/2024,0.725,0.73,0.705,0.71,-0.02,-2.74%,697120
11/01/2024,0.71,0.72,0.695,0.715,0.005,0.70%,513877
12/01/2024,0.705,0.715,0.695,0.695,-0.02,-2.80%,238679
15/01/2024,0.7,0.7,0.625,0.625,-0.07,-10.07%,2031235
16/01/2024,0.63,0.65,0.63,0.64,0.015,2.40%,656651
17/01/2024,0.64,0.642,0.63,0.64,0,0.00%,447239
18/01/2024,0.65,0.65,0.625,0.635,-0.005,-0.78%,625465
19/01/2024,0.645,0.645,0.62,0.62,-0.015,-2.36%,288793
22/01/2024,0.65,0.675,0.63,0.635,0.015,2.42%,1143705
23/01/2024,0.65,0.66,0.64,0.64,0.005,0.79%,442891
24/01/2024,0.64,0.655,0.64,0.65,0.01,1.56%,658556
25/01/2024,0.645,0.65,0.6,0.6,-0.05,-7.69%,1249652
29/01/2024,0.61,0.63,0.605,0.62,0.02,3.33%,427498
30/01/2024,0.63,0.63,0.595,0.62,0,0.00%,1448054
31/01/2024,0.6,0.618,0.585,0.585,-0.035,-5.65%,1048477
1/02/2024,0.6,0.61,0.585,0.595,0.01,1.71%,526041
2/02/2024,0.595,0.6,0.555,0.565,-0.03,-5.04%,1400333
5/02/2024,0.565,0.575,0.53,0.56,-0.005,-0.88%,1301384
6/02/2024,0.56,0.615,0.56,0.59,0.03,5.36%,873684
7/02/2024,0.615,0.665,0.61,0.65,0.06,10.17%,1202010
8/02/2024,0.68,0.685,0.64,0.66,0.01,1.54%,1506902
9/02/2024,0.66,0.67,0.64,0.645,-0.015,-2.27%,340898
12/02/2024,0.65,0.675,0.64,0.645,0,0.00%,410661
13/02/2024,0.645,0.68,0.645,0.66,0.015,2.33%,414661
14/02/2024,0.64,0.685,0.635,0.675,0.015,2.27%,684710
15/02/2024,0.665,0.707,0.665,0.675,0,0.00%,970051
16/02/2024,0.67,0.695,0.67,0.69,0.015,2.22%,420242
19/02/2024,0.705,0.705,0.63,0.635,-0.055,-7.97%,1274327
20/02/2024,0.635,0.65,0.632,0.645,0.01,1.57%,192758
21/02/2024,0.645,0.67,0.63,0.63,-0.015,-2.33%,497244
22/02/2024,0.64,0.64,0.63,0.63,0,0.00%,184087
23/02/2024,0.645,0.65,0.63,0.635,0.005,0.79%,322700
26/02/2024,0.665,0.67,0.635,0.645,0.01,1.57%,697444
27/02/2024,0.65,0.665,0.645,0.65,0.005,0.78%,454947
28/02/2024,0.68,0.695,0.65,0.695,0.045,6.92%,1162931
29/02/2024,0.695,0.695,0.665,0.665,-0.03,-4.32%,425610
1/03/2024,0.685,0.695,0.665,0.69,0.025,3.76%,930026
4/03/2024,0.7,0.725,0.685,0.725,0.035,5.07%,1394627
5/03/2024,0.725,0.78,0.715,0.755,0.03,4.14%,2048277
6/03/2024,0.74,0.762,0.73,0.73,-0.025,-3.31%,891507
7/03/2024,0.735,0.76,0.735,0.755,0.025,3.42%,714502
8/03/2024,0.76,0.82,0.74,0.785,0.03,3.97%,1819602
11/03/2024,0.83,0.83,0.785,0.79,0.005,0.64%,1860876
12/03/2024,0.805,0.805,0.755,0.77,-0.02,-2.53%,799137
13/03/2024,0.77,0.78,0.745,0.755,-0.015,-1.95%,778708
14/03/2024,0.745,0.75,0.715,0.72,-0.035,-4.64%,928106
15/03/2024,0.72,0.76,0.705,0.76,0.04,5.56%,1240913
18/03/2024,0.755,0.755,0.71,0.71,-0.05,-6.58%,423745
19/03/2024,0.715,0.715,0.673,0.675,-0.035,-4.93%,1120912
20/03/2024,0.68,0.695,0.645,0.65,-0.025,-3.70%,712833
21/03/2024,0.655,0.658,0.63,0.65,0,0.00%,888311
22/03/2024,0.65,0.65,0.63,0.63,-0.02,-3.08%,516210
25/03/2024,0.63,0.65,0.63,0.63,0,0.00%,361011
26/03/2024,0.635,0.645,0.615,0.615,-0.015,-2.38%,560146
27/03/2024,0.63,0.635,0.61,0.615,0,0.00%,385252
28/03/2024,0.62,0.65,0.62,0.65,0.035,5.69%,461378
2/04/2024,0.64,0.655,0.63,0.645,-0.005,-0.77%,573650
3/04/2024,0.65,0.65,0.625,0.625,-0.02,-3.10%,224243
4/04/2024,0.63,0.66,0.625,0.65,0.025,4.00%,420549
5/04/2024,0.645,0.65,0.625,0.63,-0.02,-3.08%,365566
8/04/2024,0.63,0.635,0.62,0.635,0.005,0.79%,449971
9/04/2024,0.635,0.635,0.615,0.625,-0.01,-1.57%,510366
10/04/2024,0.625,0.63,0.615,0.615,-0.01,-1.60%,266955
11/04/2024,0.615,0.625,0.61,0.615,0,0.00%,308546
12/04/2024,0.62,0.62,0.58,0.59,-0.025,-4.07%,1519795
15/04/2024,0.575,0.587,0.57,0.58,-0.01,-1.69%,588073
16/04/2024,0.575,0.587,0.565,0.57,-0.01,-1.72%,272670
17/04/2024,0.58,0.58,0.57,0.57,0,0.00%,203323
18/04/2024,0.575,0.605,0.57,0.6,0.03,5.26%,330842
19/04/2024,0.61,0.62,0.59,0.61,0.01,1.67%,451246
22/04/2024,0.61,0.62,0.6,0.605,-0.005,-0.82%,130806
23/04/2024,0.61,0.63,0.6,0.61,0.005,0.83%,273207
24/04/2024,0.625,0.625,0.6,0.6,-0.01,-1.64%,160544
26/04/2024,0.62,0.625,0.595,0.605,0.005,0.83%,352556
29/04/2024,0.61,0.625,0.6,0.615,0.01,1.65%,194429
30/04/2024,0.62,0.63,0.6,0.6,-0.015,-2.44%,309840
1/05/2024,0.595,0.62,0.585,0.62,0.02,3.33%,508081
2/05/2024,0.615,0.615,0.595,0.595,-0.025,-4.03%,342874
3/05/2024,0.595,0.6,0.58,0.595,0,0.00%,332372
6/05/2024,0.6,0.6,0.575,0.575,-0.02,-3.36%,412597
7/05/2024,0.585,0.61,0.565,0.57,-0.005,-0.87%,791381
8/05/2024,0.58,0.58,0.555,0.555,-0.015,-2.63%,822767
9/05/2024,0.57,0.6,0.555,0.555,0,0.00%,1749985
10/05/2024,0.56,0.63,0.56,0.6,0.045,8.11%,1754835
13/05/2024,0.6,0.64,0.585,0.64,0.04,6.67%,839299
14/05/2024,0.635,0.635,0.61,0.615,-0.025,-3.91%,478502
15/05/2024,0.61,0.62,0.61,0.615,0,0.00%,107806
16/05/2024,0.61,0.63,0.6,0.625,0.01,1.63%,497879
17/05/2024,0.62,0.63,0.61,0.61,-0.015,-2.40%,231543
20/05/2024,0.63,0.63,0.59,0.595,-0.015,-2.46%,465946
21/05/2024,0.6,0.6,0.567,0.58,-0.015,-2.52%,773310
22/05/2024,0.58,0.595,0.57,0.595,0.015,2.59%,209752
23/05/2024,0.595,0.6,0.59,0.595,0,0.00%,167355
24/05/2024,0.6,0.618,0.6,0.61,0.015,2.52%,155471
27/05/2024,0.615,0.615,0.6,0.61,0,0.00%,189788
28/05/2024,0.61,0.615,0.6,0.6,-0.01,-1.64%,41587
29/05/2024,0.61,0.61,0.59,0.6,0,0.00%,310077
30/05/2024,0.6,0.6,0.58,0.585,-0.015,-2.50%,226437
31/05/2024,0.585,0.595,0.58,0.59,0.005,0.85%,279879
3/06/2024,0.595,0.595,0.575,0.575,-0.015,-2.54%,446660
4/06/2024,0.58,0.59,0.57,0.59,0.015,2.61%,313811
5/06/2024,0.59,0.59,0.575,0.59,0,0.00%,115990
6/06/2024,0.59,0.595,0.575,0.59,0,0.00%,282437
7/06/2024,0.59,0.69,0.59,0.685,0.095,16.10%,1960306
11/06/2024,0.7,0.715,0.635,0.655,-0.03,-4.38%,1453147
12/06/2024,0.655,0.66,0.625,0.65,-0.005,-0.76%,1557483
13/06/2024,0.65,0.65,0.625,0.635,-0.015,-2.31%,722950
14/06/2024,0.65,0.65,0.625,0.625,-0.01,-1.57%,364370
17/06/2024,0.62,0.665,0.62,0.62,-0.005,-0.80%,656714
18/06/2024,0.63,0.645,0.625,0.635,0.015,2.42%,198407
19/06/2024,0.64,0.645,0.625,0.635,0,0.00%,271255
20/06/2024,0.64,0.64,0.59,0.59,-0.045,-7.09%,956494
21/06/2024,0.59,0.605,0.575,0.575,-0.015,-2.54%,1266675
24/06/2024,0.58,0.59,0.535,0.59,0.015,2.61%,859924
25/06/2024,0.56,0.585,0.56,0.575,-0.015,-2.54%,606392
26/06/2024,0.575,0.58,0.555,0.555,-0.02,-3.48%,496715
27/06/2024,0.56,0.58,0.555,0.57,0.015,2.70%,685629
28/06/2024,0.57,0.57,0.515,0.52,-0.05,-8.77%,2010040
1/07/2024,0.52,0.56,0.52,0.545,0.025,4.81%,345164
2/07/2024,0.555,0.57,0.555,0.56,0.015,2.75%,317681
3/07/2024,0.56,0.575,0.555,0.57,0.01,1.79%,222542
4/07/2024,0.565,0.58,0.54,0.545,-0.025,-4.39%,768985
5/07/2024,0.55,0.555,0.515,0.53,-0.015,-2.75%,408431
8/07/2024,0.55,0.56,0.533,0.55,0.02,3.77%,216377
9/07/2024,0.56,0.56,0.525,0.525,-0.025,-4.55%,335784
10/07/2024,0.525,0.54,0.51,0.54,0.015,2.86%,311672
11/07/2024,0.545,0.545,0.52,0.53,-0.01,-1.85%,445833
12/07/2024,0.525,0.53,0.515,0.525,-0.005,-0.94%,279165
15/07/2024,0.525,0.53,0.52,0.525,0,0.00%,454120
16/07/2024,0.53,0.533,0.52,0.525,0,0.00%,251673
17/07/2024,0.53,0.54,0.515,0.54,0.015,2.86%,431316
18/07/2024,0.54,0.54,0.525,0.525,-0.015,-2.78%,485323
19/07/2024,0.525,0.53,0.52,0.53,0.005,0.95%,471624
22/07/2024,0.535,0.535,0.52,0.52,-0.01,-1.89%,373172
23/07/2024,0.522,0.54,0.52,0.535,0.015,2.88%,291534
24/07/2024,0.54,0.545,0.53,0.53,-0.005,-0.93%,127057
25/07/2024,0.535,0.535,0.52,0.52,-0.01,-1.89%,312759
26/07/2024,0.52,0.53,0.512,0.515,-0.005,-0.96%,333384
29/07/2024,0.52,0.525,0.51,0.515,0,0.00%,459346
30/07/2024,0.525,0.525,0.51,0.51,-0.005,-0.97%,203154
31/07/2024,0.515,0.515,0.47,0.48,-0.03,-5.88%,1462797
1/08/2024,0.48,0.49,0.46,0.49,0.01,2.08%,664854
2/08/2024,0.49,0.495,0.475,0.49,0,0.00%,312094
5/08/2024,0.49,0.49,0.45,0.455,-0.035,-7.14%,804990
6/08/2024,0.455,0.49,0.45,0.455,0,0.00%,486817
7/08/2024,0.46,0.47,0.45,0.45,-0.005,-1.10%,303850
8/08/2024,0.45,0.455,0.435,0.44,-0.01,-2.22%,315003
9/08/2024,0.45,0.465,0.445,0.445,0.005,1.14%,261914
12/08/2024,0.45,0.45,0.44,0.445,0,0.00%,279205
13/08/2024,0.445,0.445,0.425,0.44,-0.005,-1.12%,293090
14/08/2024,0.44,0.46,0.435,0.45,0.01,2.27%,355962
15/08/2024,0.455,0.46,0.442,0.45,0,0.00%,302904
16/08/2024,0.455,0.465,0.44,0.45,0,0.00%,338695
19/08/2024,0.45,0.46,0.44,0.46,0.01,2.22%,352116
20/08/2024,0.445,0.47,0.44,0.44,-0.02,-4.35%,226445
21/08/2024,0.44,0.45,0.435,0.45,0.01,2.27%,300444
22/08/2024,0.445,0.45,0.43,0.43,-0.02,-4.44%,552379
23/08/2024,0.445,0.445,0.415,0.415,-0.015,-3.49%,499120
26/08/2024,0.43,0.435,0.42,0.42,0.005,1.20%,226115
27/08/2024,0.425,0.435,0.42,0.43,0.01,2.38%,264643
28/08/2024,0.425,0.43,0.415,0.43,0,0.00%,111023
29/08/2024,0.43,0.43,0.415,0.415,-0.015,-3.49%,266330
30/08/2024,0.445,0.46,0.43,0.44,0.025,6.02%,991469
2/09/2024,0.44,0.445,0.435,0.44,0,0.00%,389946
3/09/2024,0.445,0.45,0.425,0.43,-0.01,-2.27%,499481
4/09/2024,0.43,0.43,0.415,0.425,-0.005,-1.16%,450314
5/09/2024,0.43,0.44,0.42,0.435,0.01,2.35%,282041
6/09/2024,0.435,0.435,0.41,0.42,-0.015,-3.45%,336532
9/09/2024,0.42,0.425,0.41,0.415,-0.005,-1.19%,226856
10/09/2024,0.415,0.43,0.41,0.425,0.01,2.41%,465470
11/09/2024,0.43,0.435,0.41,0.415,-0.01,-2.35%,304721
12/09/2024,0.415,0.435,0.41,0.435,0.02,4.82%,442062
13/09/2024,0.435,0.435,0.415,0.415,-0.02,-4.60%,115076
16/09/2024,0.42,0.43,0.417,0.42,0.005,1.20%,116054
17/09/2024,0.42,0.43,0.412,0.42,0,0.00%,208462
18/09/2024,0.42,0.42,0.41,0.41,-0.01,-2.38%,180399
19/09/2024,0.43,0.445,0.41,0.43,0.02,4.88%,461847
20/09/2024,0.445,0.46,0.435,0.46,0.03,6.98%,544162
23/09/2024,0.45,0.48,0.44,0.45,-0.01,-2.17%,411965
24/09/2024,0.45,0.46,0.445,0.46,0.01,2.22%,198853
25/09/2024,0.46,0.46,0.44,0.44,-0.02,-4.35%,261187
26/09/2024,0.445,0.445,0.43,0.445,0.005,1.14%,300854
27/09/2024,0.58,0.665,0.53,0.63,0.185,41.57%,7693945
30/09/2024,0.67,0.7,0.64,0.675,0.045,7.14%,4525943
1/10/2024,0.67,0.67,0.595,0.6,-0.075,-11.11%,2388532
2/10/2024,0.61,0.62,0.58,0.605,0.005,0.83%,1240946
3/10/2024,0.61,0.615,0.57,0.58,-0.025,-4.13%,1108491
4/10/2024,0.575,0.575,0.525,0.53,-0.05,-8.62%,1730990
7/10/2024,0.525,0.54,0.505,0.53,0,0.00%,826250
8/10/2024,0.535,0.58,0.53,0.57,0.04,7.55%,1252429
9/10/2024,0.59,0.615,0.575,0.575,0.005,0.88%,722428
10/10/2024,0.59,0.59,0.555,0.565,-0.01,-1.74%,442308
11/10/2024,0.57,0.58,0.565,0.57,0.005,0.88%,327362
14/10/2024,0.58,0.585,0.555,0.555,-0.015,-2.63%,424448
15/10/2024,0.56,0.57,0.535,0.535,-0.02,-3.60%,596367
16/10/2024,0.535,0.545,0.515,0.54,0.005,0.93%,482711
17/10/2024,0.56,0.58,0.545,0.575,0.035,6.48%,347083
18/10/2024,0.565,0.57,0.54,0.54,-0.035,-6.09%,239177
21/10/2024,0.55,0.55,0.515,0.52,-0.02,-3.70%,529764
22/10/2024,0.525,0.525,0.51,0.515,-0.005,-0.96%,222769
23/10/2024,0.57,0.575,0.52,0.52,0.005,0.97%,581253
24/10/2024,0.52,0.53,0.505,0.51,-0.01,-1.92%,491207
25/10/2024,0.525,0.525,0.495,0.51,0,0.00%,750076
28/10/2024,0.51,0.52,0.5,0.515,0.005,0.98%,288583
29/10/2024,0.505,0.525,0.5,0.505,-0.01,-1.94%,389771
30/10/2024,0.51,0.525,0.51,0.51,0.005,0.99%,137689
31/10/2024,0.525,0.53,0.505,0.53,0.02,3.92%,550527
1/11/2024,0.53,0.535,0.515,0.535,0.005,0.94%,165414
4/11/2024,0.54,0.545,0.525,0.54,0.005,0.93%,364927
5/11/2024,0.54,0.54,0.525,0.525,-0.015,-2.78%,246110
6/11/2024,0.53,0.535,0.515,0.515,-0.01,-1.90%,239263
7/11/2024,0.525,0.525,0.515,0.525,0.01,1.94%,96923
8/11/2024,0.52,0.535,0.51,0.52,-0.005,-0.95%,337155
11/11/2024,0.515,0.515,0.5,0.5,-0.02,-3.85%,409938
12/11/2024,0.505,0.51,0.48,0.48,-0.02,-4.00%,1036137
13/11/2024,0.485,0.495,0.48,0.495,0.015,3.13%,274863
14/11/2024,0.485,0.485,0.47,0.48,-0.015,-3.03%,581864
15/11/2024,0.48,0.485,0.47,0.485,0.005,1.04%,509706
18/11/2024,0.475,0.488,0.472,0.48,-0.005,-1.03%,433791
19/11/2024,0.535,0.54,0.49,0.51,0.03,6.25%,1600347
20/11/2024,0.515,0.515,0.475,0.475,-0.035,-6.86%,667517
21/11/2024,0.475,0.475,0.45,0.45,-0.025,-5.26%,808869
22/11/2024,0.455,0.47,0.45,0.455,0.005,1.11%,489353
25/11/2024,0.455,0.51,0.445,0.505,0.05,10.99%,2214370
26/11/2024,0.51,0.51,0.46,0.46,-0.045,-8.91%,639780
27/11/2024,0.465,0.465,0.44,0.44,-0.02,-4.35%,910436
28/11/2024,0.445,0.465,0.445,0.45,0.01,2.27%,458744
29/11/2024,0.455,0.46,0.445,0.46,0.01,2.22%,416966
2/12/2024,0.485,0.515,0.47,0.475,0.015,3.26%,2221558
3/12/2024,0.485,0.495,0.465,0.48,0.005,1.05%,662027
4/12/2024,0.505,0.567,0.505,0.545,0.065,13.54%,4312438
5/12/2024,0.56,0.56,0.515,0.515,-0.03,-5.50%,1559262
6/12/2024,0.515,0.52,0.51,0.51,-0.005,-0.97%,443848
9/12/2024,0.51,0.51,0.488,0.505,-0.005,-0.98%,1290386
10/12/2024,0.5,0.5,0.475,0.485,-0.02,-3.96%,762377
11/12/2024,0.475,0.48,0.465,0.47,-0.015,-3.09%,307672
12/12/2024,0.475,0.475,0.46,0.46,-0.01,-2.13%,983263
13/12/2024,0.465,0.47,0.455,0.465,0.005,1.09%,642585
16/12/2024,0.48,0.495,0.46,0.46,-0.005,-1.08%,932850
17/12/2024,0.46,0.46,0.44,0.45,-0.01,-2.17%,942370
18/12/2024,0.45,0.465,0.45,0.45,0,0.00%,326545
19/12/2024,0.45,0.455,0.435,0.455,0.005,1.11%,459723
20/12/2024,0.45,0.45,0.44,0.44,-0.015,-3.30%,394277
23/12/2024,0.445,0.458,0.44,0.455,0.015,3.41%,318432
24/12/2024,0.455,0.46,0.445,0.445,-0.01,-2.20%,360841
27/12/2024,0.445,0.48,0.445,0.46,0.015,3.37%,382829
30/12/2024,0.465,0.48,0.455,0.46,0,0.00%,465457
31/12/2024,0.465,0.48,0.455,0.48,0.02,4.35%,418838
2/01/2025,0.485,0.485,0.465,0.48,0,0.00%,483036
3/01/2025,0.48,0.495,0.475,0.475,-0.005,-1.04%,532500
6/01/2025,0.48,0.48,0.465,0.475,0,0.00%,338227
7/01/2025,0.465,0.585,0.455,0.545,0.07,14.74%,4228334
8/01/2025,0.53,0.54,0.485,0.49,-0.055,-10.09%,2133068
9/01/2025,0.49,0.505,0.485,0.495,0.005,1.02%,497153
10/01/2025,0.495,0.505,0.49,0.495,0,0.00%,430903
13/01/2025,0.54,0.555,0.525,0.53,0.035,7.07%,2527677
14/01/2025,0.53,0.54,0.52,0.52,-0.01,-1.89%,643263
15/01/2025,0.525,0.53,0.51,0.515,-0.005,-0.96%,296051
16/01/2025,0.52,0.555,0.52,0.555,0.04,7.77%,1560091
17/01/2025,0.565,0.62,0.56,0.605,0.05,9.01%,2445868
20/01/2025,0.6,0.61,0.565,0.565,-0.04,-6.61%,1187891
21/01/2025,0.565,0.59,0.565,0.57,0.005,0.88%,408888
22/01/2025,0.58,0.595,0.56,0.57,0,0.00%,575011
23/01/2025,0.565,0.59,0.56,0.565,-0.005,-0.88%,461242
24/01/2025,0.61,0.63,0.585,0.6,0.035,6.19%,2262698
28/01/2025,0.61,0.61,0.57,0.585,-0.015,-2.50%,1077373
29/01/2025,0.58,0.585,0.565,0.575,-0.01,-1.71%,1110634
30/01/2025,0.57,0.575,0.535,0.54,-0.035,-6.09%,1093797
31/01/2025,0.545,0.56,0.535,0.545,0.005,0.93%,325549
3/02/2025,0.53,0.54,0.52,0.53,-0.015,-2.75%,662971
4/02/2025,0.53,0.545,0.525,0.525,-0.005,-0.94%,214158
5/02/2025,0.53,0.54,0.515,0.525,0,0.00%,496333
6/02/2025,0.52,0.565,0.52,0.53,0.005,0.95%,448677
7/02/2025,0.53,0.555,0.53,0.55,0.02,3.77%,325638
10/02/2025,0.55,0.55,0.52,0.52,-0.03,-5.45%,519000
11/02/2025,0.53,0.53,0.49,0.495,-0.025,-4.81%,786006
12/02/2025,0.49,0.495,0.48,0.48,-0.015,-3.03%,508723
13/02/2025,0.485,0.51,0.485,0.5,0.02,4.17%,476310
14/02/2025,0.515,0.515,0.5,0.5,0,0.00%,232892
17/02/2025,0.5,0.545,0.495,0.545,0.045,9.00%,454480
18/02/2025,0.55,0.56,0.525,0.54,-0.005,-0.92%,744521
19/02/2025,0.54,0.545,0.53,0.545,0.005,0.93%,164497
20/02/2025,0.535,0.55,0.52,0.55,0.005,0.92%,582605
21/02/2025,0.45,0.47,0.438,0.44,-0.11,-20.00%,3623043
24/02/2025,0.435,0.435,0.42,0.42,-0.02,-4.55%,1704455
25/02/2025,0.43,0.43,0.415,0.42,0,0.00%,765416
26/02/2025,0.42,0.42,0.412,0.415,-0.005,-1.19%,706319
27/02/2025,0.415,0.417,0.407,0.41,-0.005,-1.20%,1410573
28/02/2025,0.41,0.41,0.385,0.385,-0.025,-6.10%,2058653
3/03/2025,0.39,0.4,0.385,0.385,0,0.00%,846376
4/03/2025,0.39,0.39,0.38,0.38,-0.005,-1.30%,1311667
5/03/2025,0.375,0.38,0.368,0.375,-0.005,-1.32%,1145242
6/03/2025,0.37,0.375,0.365,0.365,-0.01,-2.67%,964991
7/03/2025,0.365,0.375,0.357,0.37,0.005,1.37%,1783125
10/03/2025,0.37,0.4,0.37,0.39,0.02,5.41%,1268278
11/03/2025,0.39,0.39,0.37,0.375,-0.015,-3.85%,1148713
12/03/2025,0.38,0.38,0.365,0.365,-0.01,-2.67%,747183
13/03/2025,0.37,0.37,0.355,0.355,-0.01,-2.74%,1073898
14/03/2025,0.36,0.37,0.36,0.37,0.015,4.23%,249854
17/03/2025,0.37,0.37,0.36,0.365,-0.005,-1.35%,627813
18/03/2025,0.365,0.38,0.365,0.37,0.005,1.37%,432840
19/03/2025,0.37,0.38,0.37,0.38,0.01,2.70%,306052
20/03/2025,0.38,0.38,0.375,0.38,0,0.00%,92664
21/03/2025,0.385,0.385,0.375,0.375,-0.005,-1.32%,116874
24/03/2025,0.37,0.375,0.36,0.36,-0.015,-4.00%,771570
25/03/2025,0.36,0.365,0.352,0.355,-0.005,-1.39%,1129206
26/03/2025,0.35,0.35,0.315,0.32,-0.035,-9.86%,2593834
27/03/2025,0.32,0.32,0.315,0.315,-0.005,-1.56%,1148787
28/03/2025,0.315,0.317,0.29,0.29,-0.025,-7.94%,2050460
31/03/2025,0.29,0.29,0.268,0.27,-0.02,-6.90%,1746176
1/04/2025,0.27,0.27,0.252,0.26,-0.01,-3.70%,1617934
2/04/2025,0.265,0.285,0.25,0.28,0.02,7.69%,1708930
3/04/2025,0.29,0.29,0.255,0.255,-0.025,-8.93%,1224992
4/04/2025,0.25,0.26,0.245,0.25,-0.005,-1.96%,1009407
7/04/2025,0.24,0.265,0.225,0.25,0,0.00%,1465420
8/04/2025,0.25,0.26,0.245,0.26,0.01,4.00%,426357
9/04/2025,0.27,0.27,0.245,0.25,-0.01,-3.85%,543347
10/04/2025,0.265,0.285,0.26,0.26,0.01,4.00%,1882395
11/04/2025,0.255,0.26,0.25,0.255,-0.005,-1.92%,603839
14/04/2025,0.255,0.26,0.25,0.255,0,0.00%,327400
15/04/2025,0.27,0.32,0.268,0.3,0.045,17.65%,2038596
16/04/2025,0.305,0.305,0.28,0.285,-0.015,-5.00%,774342
17/04/2025,0.29,0.3,0.275,0.28,-0.005,-1.75%,503559
22/04/2025,0.28,0.28,0.265,0.27,-0.01,-3.57%,570919
23/04/2025,0.27,0.295,0.27,0.285,0.015,5.56%,1175498
24/04/2025,0.285,0.287,0.28,0.28,-0.005,-1.75%,482037
28/04/2025,0.29,0.29,0.28,0.285,0.005,1.79%,1009324
29/04/2025,0.285,0.3,0.275,0.3,0.015,5.26%,1497931
30/04/2025,0.3,0.32,0.278,0.32,0.02,6.67%,1663341
1/05/2025,0.295,0.31,0.29,0.305,-0.015,-4.69%,630030
2/05/2025,0.3,0.305,0.295,0.295,-0.01,-3.28%,987578
5/05/2025,0.325,0.335,0.3,0.3,0.005,1.69%,1807442
6/05/2025,0.31,0.31,0.282,0.285,-0.015,-5.00%,1326160
7/05/2025,0.285,0.3,0.28,0.3,0.015,5.26%,251709
8/05/2025,0.3,0.3,0.29,0.295,-0.005,-1.67%,426539
9/05/2025,0.3,0.305,0.285,0.285,-0.01,-3.39%,290279
12/05/2025,0.29,0.31,0.285,0.29,0.005,1.75%,208473
13/05/2025,0.3,0.3,0.287,0.295,0.005,1.72%,255413
14/05/2025,0.305,0.305,0.285,0.295,0,0.00%,358486
15/05/2025,0.3,0.3,0.28,0.28,-0.015,-5.08%,468373
16/05/2025,0.28,0.285,0.275,0.28,0,0.00%,518310
19/05/2025,0.285,0.285,0.275,0.275,-0.005,-1.79%,145095
20/05/2025,0.275,0.28,0.26,0.26,-0.015,-5.45%,1144950
21/05/2025,0.26,0.265,0.26,0.265,0.005,1.92%,439580
22/05/2025,0.265,0.265,0.25,0.25,-0.015,-5.66%,418135
23/05/2025,0.25,0.265,0.25,0.26,0.01,4.00%,464197
26/05/2025,0.28,0.305,0.275,0.305,0.045,17.31%,1313825
27/05/2025,0.305,0.355,0.3,0.35,0.045,14.75%,2158117
28/05/2025,0.39,0.395,0.335,0.335,-0.015,-4.29%,2374844
29/05/2025,0.33,0.35,0.33,0.35,0.015,4.48%,387728
30/05/2025,0.35,0.36,0.335,0.34,-0.01,-2.86%,528080
2/06/2025,0.34,0.345,0.31,0.315,-0.025,-7.35%,713287
3/06/2025,0.31,0.31,0.298,0.305,-0.01,-3.17%,571528
4/06/2025,0.3,0.315,0.292,0.305,0,0.00%,445781
5/06/2025,0.305,0.315,0.305,0.315,0.01,3.28%,271815
6/06/2025,0.315,0.32,0.3,0.3,-0.015,-4.76%,382096
10/06/2025,0.3,0.305,0.285,0.3,0,0.00%,671169
11/06/2025,0.31,0.31,0.282,0.285,-0.015,-5.00%,1140577
12/06/2025,0.29,0.292,0.285,0.29,0.005,1.75%,270005
13/06/2025,0.29,0.29,0.275,0.29,0,0.00%,1097104
16/06/2025,0.285,0.29,0.265,0.265,-0.025,-8.62%,1414969
17/06/2025,0.275,0.285,0.265,0.265,0,0.00%,1955133
18/06/2025,0.265,0.265,0.255,0.26,-0.005,-1.89%,1444418
19/06/2025,0.255,0.26,0.25,0.25,-0.01,-3.85%,678297
20/06/2025,0.255,0.262,0.25,0.26,0.01,4.00%,891149
23/06/2025,0.26,0.26,0.245,0.245,-0.015,-5.77%,967826
24/06/2025,0.245,0.26,0.245,0.25,0.005,2.04%,1196450
25/06/2025,0.255,0.265,0.25,0.25,0,0.00%,735366
26/06/2025,0.255,0.255,0.25,0.25,0,0.00%,760672
27/06/2025,0.255,0.255,0.233,0.24,-0.01,-4.00%,3384009
30/06/2025,0.24,0.25,0.235,0.24,0,0.00%,1015747
1/07/2025,0.235,0.26,0.235,0.245,0.005,2.08%,1059306
2/07/2025,0.255,0.255,0.24,0.245,0,0.00%,642931
3/07/2025,0.245,0.245,0.235,0.24,-0.005,-2.04%,634741
4/07/2025,0.24,0.25,0.24,0.245,0.005,2.08%,262603
7/07/2025,0.245,0.255,0.237,0.24,-0.005,-2.04%,689537
8/07/2025,0.24,0.25,0.235,0.25,0.01,4.17%,250064
9/07/2025,0.245,0.245,0.23,0.23,-0.02,-8.00%,990301
10/07/2025,0.235,0.235,0.23,0.235,0.005,2.17%,621394
11/07/2025,0.235,0.24,0.23,0.235,0,0.00%,523813
14/07/2025,0.235,0.24,0.235,0.24,0.005,2.13%,586029
15/07/2025,0.24,0.25,0.24,0.25,0.01,4.17%,404332
16/07/2025,0.25,0.265,0.25,0.26,0.01,4.00%,922030
17/07/2025,0.255,0.265,0.25,0.25,-0.01,-3.85%,388022
18/07/2025,0.265,0.27,0.26,0.265,0.015,6.00%,1578070
21/07/2025,0.265,0.265,0.255,0.265,0,0.00%,181065
22/07/2025,0.265,0.265,0.25,0.255,-0.01,-3.77%,322235
23/07/2025,0.255,0.26,0.25,0.25,-0.005,-1.96%,427121
24/07/2025,0.255,0.265,0.25,0.26,0.01,4.00%,406346
25/07/2025,0.255,0.26,0.25,0.25,-0.01,-3.85%,753467
28/07/2025,0.26,0.26,0.24,0.24,-0.01,-4.00%,544026
29/07/2025,0.245,0.25,0.235,0.235,-0.005,-2.08%,1510564
30/07/2025,0.235,0.24,0.23,0.24,0.005,2.13%,627089
31/07/2025,0.235,0.24,0.23,0.24,0,0.00%,480450
1/08/2025,0.31,0.34,0.275,0.305,0.065,27.08%,13813051
4/08/2025,0.305,0.37,0.305,0.355,0.05,16.39%,4846785
5/08/2025,0.36,0.375,0.33,0.335,-0.02,-5.63%,2644022
6/08/2025,0.335,0.398,0.335,0.395,0.06,17.91%,4536883
7/08/2025,0.385,0.485,0.38,0.475,0.08,20.25%,5573445
8/08/2025,0.475,0.475,0.425,0.425,-0.05,-10.53%,3222289
11/08/2025,0.45,0.48,0.44,0.48,0.055,12.94%,5479786
12/08/2025,0.48,0.488,0.45,0.45,-0.03,-6.25%,2712318
13/08/2025,0.46,0.505,0.45,0.49,0.04,8.89%,3379812
14/08/2025,0.5,0.56,0.465,0.53,0.04,8.16%,4873930
15/08/2025,0.55,0.595,0.54,0.57,0.04,7.55%,5382460
18/08/2025,0.59,0.6,0.565,0.575,0.005,0.88%,3209006
19/08/2025,0.575,0.585,0.545,0.56,-0.015,-2.61%,1580185
20/08/2025,0.57,0.57,0.52,0.52,-0.04,-7.14%,1307250
21/08/2025,0.52,0.56,0.505,0.555,0.035,6.73%,2212817
22/08/2025,0.55,0.57,0.527,0.535,-0.02,-3.60%,1787946
25/08/2025,0.535,0.555,0.535,0.54,0.005,0.93%,549152
26/08/2025,0.55,0.55,0.53,0.545,0.005,0.93%,845513
27/08/2025,0.54,0.54,0.49,0.51,-0.035,-6.42%,2175461
28/08/2025,0.505,0.505,0.472,0.48,-0.03,-5.88%,2425494
29/08/2025,0.475,0.57,0.475,0.57,0.09,18.75%,4028040
1/09/2025,0.7,0.8,0.68,0.775,0.205,35.96%,19708551
2/09/2025,0.83,0.855,0.755,0.77,-0.005,-0.65%,10038314
3/09/2025,0.835,1.21,0.83,1.155,0.385,50.00%,25885838
4/09/2025,1.26,1.495,1.17,1.31,0.155,13.42%,27552036
5/09/2025,1.4,1.76,1.35,1.545,0.235,17.94%,31073818
8/09/2025,1.855,2.38,1.855,2.31,0.765,49.51%,36299670
9/09/2025,2.3,2.3,1.66,1.675,-0.635,-27.49%,25174221
10/09/2025,1.61,1.785,1.52,1.59,-0.085,-5.07%,19275018
11/09/2025,1.59,1.975,1.54,1.89,0.3,18.87%,21061827
12/09/2025,2.1,2.15,1.755,1.76,-0.13,-6.88%,18796555
15/09/2025,1.75,1.825,1.64,1.78,0.02,1.14%,10065816
16/09/2025,1.79,1.84,1.745,1.745,-0.035,-1.97%,5750730
17/09/2025,1.75,1.93,1.74,1.88,0.135,7.74%,9046697
18/09/2025,1.89,1.9,1.75,1.785,-0.095,-5.05%,5637729
19/09/2025,1.795,1.82,1.62,1.665,-0.12,-6.72%,6353983
22/09/2025,1.67,1.675,1.44,1.515,-0.15,-9.01%,14747429
23/09/2025,1.48,1.55,1.46,1.495,-0.02,-1.32%,8953608
24/09/2025,1.495,1.54,1.41,1.535,0.04,2.68%,8186737
25/09/2025,1.545,1.75,1.51,1.75,0.215,14.01%,9604691
26/09/2025,1.755,1.855,1.715,1.81,0.06,3.43%,9453236
29/09/2025,1.84,1.885,1.737,1.8,-0.01,-0.55%,8240501
30/09/2025,1.785,2.115,1.74,1.98,0.18,10.00%,13597743
1/10/2025,2.04,2.28,1.997,2.26,0.28,14.14%,10761704
2/10/2025,2.24,2.3,2.03,2.11,-0.15,-6.64%,8384483
3/10/2025,2.18,2.55,2.18,2.36,0.25,11.85%,15343023
6/10/2025,2.39,2.49,2.25,2.25,-0.11,-4.66%,9534653
7/10/2025,2.25,2.35,2.19,2.26,0.01,0.44%,7139884
8/10/2025,2.26,2.26,2.03,2.21,-0.05,-2.21%,4937688
9/10/2025,2.23,2.35,2.21,2.33,0.12,5.43%,6159892
10/10/2025,2.32,2.32,2.2,2.22,-0.11,-4.72%,2512300
13/10/2025,2.1,2.12,2.01,2.03,-0.19,-8.56%,6806070
14/10/2025,2.07,2.09,1.9,1.9,-0.13,-6.40%,5634039
15/10/2025,1.945,1.972,1.745,1.84,-0.06,-3.16%,7963740
16/10/2025,1.845,1.945,1.79,1.93,0.09,4.89%,3863053
17/10/2025,1.925,1.925,1.755,1.755,-0.175,-9.07%,3950792
20/10/2025,1.76,1.8,1.7,1.725,-0.03,-1.71%,3542793
21/10/2025,1.77,1.835,1.725,1.8,0.075,4.35%,2946925
22/10/2025,1.99,2.04,1.85,1.85,0.05,2.78%,5792939
23/10/2025,1.85,2.1,1.81,1.985,0.135,7.30%,7006195
24/10/2025,1.995,2.02,1.885,1.9,-0.085,-4.28%,2775038
27/10/2025,1.91,1.955,1.84,1.92,0.02,1.05%,2063475
28/10/2025,1.93,1.945,1.765,1.79,-0.13,-6.77%,3229645
29/10/2025,1.81,1.855,1.775,1.83,0.04,2.23%,1593469
30/10/2025,1.835,1.91,1.74,1.77,-0.06,-3.28%,3200056
31/10/2025,1.775,1.795,1.73,1.74,-0.03,-1.69%,1642906
3/11/2025,1.725,1.735,1.587,1.595,-0.145,-8.33%,4801499
4/11/2025,1.59,1.64,1.51,1.61,0.015,0.94%,4382533
5/11/2025,1.57,1.58,1.472,1.515,-0.095,-5.90%,5327837
6/11/2025,1.5,1.54,1.455,1.465,-0.05,-3.30%,2768806
7/11/2025,1.465,1.515,1.42,1.435,-0.03,-2.05%,2896518
10/11/2025,1.555,1.675,1.555,1.635,0.2,13.94%,4761347
11/11/2025,1.64,1.65,1.57,1.6,-0.035,-2.14%,2437716
12/11/2025,1.6,1.61,1.53,1.55,-0.05,-3.13%,1622466
13/11/2025,1.57,1.58,1.465,1.47,-0.08,-5.16%,2067689
14/11/2025,1.435,1.465,1.41,1.44,-0.03,-2.04%,1913176
17/11/2025,1.425,1.56,1.4,1.55,0.11,7.64%,2211318
18/11/2025,1.52,1.625,1.47,1.485,-0.065,-4.19%,2377089
19/11/2025,1.48,1.51,1.43,1.435,-0.05,-3.37%,2307426
20/11/2025,1.48,1.52,1.435,1.455,0.02,1.39%,1288598
21/11/2025,1.45,1.45,1.4,1.425,-0.03,-2.06%,1473433
24/11/2025,1.44,1.57,1.44,1.54,0.115,8.07%,2650680
25/11/2025,1.57,1.63,1.49,1.58,0.04,2.60%,2613211
26/11/2025,1.61,1.64,1.55,1.6,0.02,1.27%,1977472
27/11/2025,1.59,1.615,1.55,1.61,0.01,0.63%,1113404
28/11/2025,1.63,1.725,1.61,1.71,0.1,6.21%,3432045
1/12/2025,1.73,1.795,1.67,1.745,0.035,2.05%,2721194
2/12/2025,1.75,1.758,1.645,1.655,-0.09,-5.16%,1218086
3/12/2025,1.88,1.96,1.755,1.92,0.265,16.01%,8712625
4/12/2025,1.92,1.92,1.775,1.84,-0.08,-4.17%,4327651
5/12/2025,1.85,2,1.815,1.9,0.06,3.26%,4327651
8/12/2025,1.85,1.97,1.85,1.9,0,0.00%,2595643
9/12/2025,1.9,2.02,1.825,2,0.1,5.26%,3841551
10/12/2025,2.1,2.21,2.08,2.12,0.12,6.00%,5502783
11/12/2025,2.12,2.17,2.02,2.04,-0.08,-3.77%,3832133
12/12/2025,2.12,2.3,2.07,2.22,0.18,8.82%,6576161
15/12/2025,2.3,2.45,2.26,2.44,0.22,9.91%,6575325
16/12/2025,2.43,3.04,2.37,2.98,0.54,22.13%,14560501
17/12/2025,2.96,2.98,2.7,2.83,-0.15,-5.03%,5854421
18/12/2025,2.81,2.97,2.71,2.89,0.06,2.12%,5412393
19/12/2025,3.16,3.72,3.16,3.51,0.62,21.45%,15684500
22/12/2025,3.55,3.67,3.37,3.57,0.06,1.71%,7731801
23/12/2025,3.62,3.89,3.51,3.65,0.08,2.24%,8026742
24/12/2025,3.7,3.88,3.58,3.83,0.18,4.93%,3876945
